{
	"start":	{
		"connected":	[{
				"socket":	6,
				"local_host":	"10.9.0.2",
				"local_port":	40952,
				"remote_host":	"192.168.0.45",
				"remote_port":	7070
			}],
		"version":	"iperf 3.17.1",
		"system_info":	"Linux 62c44a637dab 6.10.6-arch1-1 #1 SMP PREEMPT_DYNAMIC Mon, 19 Aug 2024 17:02:39 +0000 x86_64",
		"timestamp":	{
			"time":	"Wed, 04 Sep 2024 06:58:50 GMT",
			"timesecs":	1725433130
		},
		"connecting_to":	{
			"host":	"192.168.0.45",
			"port":	7070
		},
		"cookie":	"orqmtdkhp6tktzz6bunn7vway6fwt4dfrtt5",
		"target_bitrate":	1000000000,
		"fq_rate":	0,
		"sock_bufsize":	0,
		"sndbuf_actual":	212992,
		"rcvbuf_actual":	212992,
		"test_start":	{
			"protocol":	"UDP",
			"num_streams":	1,
			"blksize":	1448,
			"omit":	2,
			"duration":	15,
			"bytes":	0,
			"blocks":	0,
			"reverse":	1,
			"tos":	0,
			"target_bitrate":	1000000000,
			"bidir":	0,
			"fqrate":	0,
			"interval":	1
		}
	},
	"intervals":	[{
			"streams":	[{
					"socket":	6,
					"start":	0,
					"end":	1.001012,
					"seconds":	1.0010119676589966,
					"bytes":	119793040,
					"bits_per_second":	957375486.96967053,
					"jitter_ms":	0.015719985772104823,
					"lost_packets":	3646,
					"packets":	86376,
					"lost_percent":	4.2210799296100765,
					"omitted":	true,
					"sender":	false
				}],
			"sum":	{
				"start":	0,
				"end":	1.001012,
				"seconds":	1.0010119676589966,
				"bytes":	119793040,
				"bits_per_second":	957375486.96967053,
				"jitter_ms":	0.015719985772104823,
				"lost_packets":	3646,
				"packets":	86376,
				"lost_percent":	4.2210799296100765,
				"omitted":	true,
				"sender":	false
			}
		}, {
			"streams":	[{
					"socket":	6,
					"start":	1.001012,
					"end":	2.001015,
					"seconds":	1.0000029802322388,
					"bytes":	119554120,
					"bits_per_second":	956430109.61615324,
					"jitter_ms":	0.015933041672402577,
					"lost_packets":	0,
					"packets":	82565,
					"lost_percent":	0,
					"omitted":	true,
					"sender":	false
				}],
			"sum":	{
				"start":	1.001012,
				"end":	2.001015,
				"seconds":	1.0000029802322388,
				"bytes":	119554120,
				"bits_per_second":	956430109.61615324,
				"jitter_ms":	0.015933041672402577,
				"lost_packets":	0,
				"packets":	82565,
				"lost_percent":	0,
				"omitted":	true,
				"sender":	false
			}
		}, {
			"streams":	[{
					"socket":	6,
					"start":	2.6e-05,
					"end":	1.000992,
					"seconds":	1.0010180473327637,
					"bytes":	119659824,
					"bits_per_second":	956305028.21671546,
					"jitter_ms":	0.012803719111357822,
					"lost_packets":	0,
					"packets":	82638,
					"lost_percent":	0,
					"omitted":	false,
					"sender":	false
				}],
			"sum":	{
				"start":	2.6e-05,
				"end":	1.000992,
				"seconds":	1.0010180473327637,
				"bytes":	119659824,
				"bits_per_second":	956305028.21671546,
				"jitter_ms":	0.012803719111357822,
				"lost_packets":	0,
				"packets":	82638,
				"lost_percent":	0,
				"omitted":	false,
				"sender":	false
			}
		}, {
			"streams":	[{
					"socket":	6,
					"start":	1.000992,
					"end":	2.000987,
					"seconds":	0.999994993209839,
					"bytes":	119555568,
					"bits_per_second":	956449332.74110878,
					"jitter_ms":	0.016772497110981784,
					"lost_packets":	0,
					"packets":	82566,
					"lost_percent":	0,
					"omitted":	false,
					"sender":	false
				}],
			"sum":	{
				"start":	1.000992,
				"end":	2.000987,
				"seconds":	0.999994993209839,
				"bytes":	119555568,
				"bits_per_second":	956449332.74110878,
				"jitter_ms":	0.016772497110981784,
				"lost_packets":	0,
				"packets":	82566,
				"lost_percent":	0,
				"omitted":	false,
				"sender":	false
			}
		}, {
			"streams":	[{
					"socket":	6,
					"start":	2.000987,
					"end":	3.00099,
					"seconds":	1.0000029802322388,
					"bytes":	119539640,
					"bits_per_second":	956314269.96138227,
					"jitter_ms":	0.018695006643693977,
					"lost_packets":	0,
					"packets":	82555,
					"lost_percent":	0,
					"omitted":	false,
					"sender":	false
				}],
			"sum":	{
				"start":	2.000987,
				"end":	3.00099,
				"seconds":	1.0000029802322388,
				"bytes":	119539640,
				"bits_per_second":	956314269.96138227,
				"jitter_ms":	0.018695006643693977,
				"lost_packets":	0,
				"packets":	82555,
				"lost_percent":	0,
				"omitted":	false,
				"sender":	false
			}
		}, {
			"streams":	[{
					"socket":	6,
					"start":	3.00099,
					"end":	4.000983,
					"seconds":	0.99999302625656128,
					"bytes":	119558464,
					"bits_per_second":	956474382.20694721,
					"jitter_ms":	0.013959921548355431,
					"lost_packets":	0,
					"packets":	82568,
					"lost_percent":	0,
					"omitted":	false,
					"sender":	false
				}],
			"sum":	{
				"start":	3.00099,
				"end":	4.000983,
				"seconds":	0.99999302625656128,
				"bytes":	119558464,
				"bits_per_second":	956474382.20694721,
				"jitter_ms":	0.013959921548355431,
				"lost_packets":	0,
				"packets":	82568,
				"lost_percent":	0,
				"omitted":	false,
				"sender":	false
			}
		}, {
			"streams":	[{
					"socket":	6,
					"start":	4.000983,
					"end":	5.000843,
					"seconds":	0.99985998868942261,
					"bytes":	119515024,
					"bits_per_second":	956254078.38676,
					"jitter_ms":	0.013519198256729405,
					"lost_packets":	0,
					"packets":	82539,
					"lost_percent":	0,
					"omitted":	false,
					"sender":	false
				}],
			"sum":	{
				"start":	4.000983,
				"end":	5.000843,
				"seconds":	0.99985998868942261,
				"bytes":	119515024,
				"bits_per_second":	956254078.38676,
				"jitter_ms":	0.013519198256729405,
				"lost_packets":	0,
				"packets":	82539,
				"lost_percent":	0,
				"omitted":	false,
				"sender":	false
			}
		}, {
			"streams":	[{
					"socket":	6,
					"start":	5.000843,
					"end":	6.000838,
					"seconds":	0.999994993209839,
					"bytes":	119522264,
					"bits_per_second":	956182899.407133,
					"jitter_ms":	0.014546357943930858,
					"lost_packets":	0,
					"packets":	82543,
					"lost_percent":	0,
					"omitted":	false,
					"sender":	false
				}],
			"sum":	{
				"start":	5.000843,
				"end":	6.000838,
				"seconds":	0.999994993209839,
				"bytes":	119522264,
				"bits_per_second":	956182899.407133,
				"jitter_ms":	0.014546357943930858,
				"lost_packets":	0,
				"packets":	82543,
				"lost_percent":	0,
				"omitted":	false,
				"sender":	false
			}
		}, {
			"streams":	[{
					"socket":	6,
					"start":	6.000838,
					"end":	7.000849,
					"seconds":	1.0000109672546387,
					"bytes":	115354920,
					"bits_per_second":	922829239.0967468,
					"jitter_ms":	0.026851078783895862,
					"lost_packets":	754,
					"packets":	80419,
					"lost_percent":	0.937589375645059,
					"omitted":	false,
					"sender":	false
				}],
			"sum":	{
				"start":	6.000838,
				"end":	7.000849,
				"seconds":	1.0000109672546387,
				"bytes":	115354920,
				"bits_per_second":	922829239.0967468,
				"jitter_ms":	0.026851078783895862,
				"lost_packets":	754,
				"packets":	80419,
				"lost_percent":	0.937589375645059,
				"omitted":	false,
				"sender":	false
			}
		}, {
			"streams":	[{
					"socket":	6,
					"start":	7.000849,
					"end":	8.000833,
					"seconds":	0.9999840259552002,
					"bytes":	80618848,
					"bits_per_second":	644961086.637292,
					"jitter_ms":	0.023514797181605158,
					"lost_packets":	11506,
					"packets":	67182,
					"lost_percent":	17.126611294692029,
					"omitted":	false,
					"sender":	false
				}],
			"sum":	{
				"start":	7.000849,
				"end":	8.000833,
				"seconds":	0.9999840259552002,
				"bytes":	80618848,
				"bits_per_second":	644961086.637292,
				"jitter_ms":	0.023514797181605158,
				"lost_packets":	11506,
				"packets":	67182,
				"lost_percent":	17.126611294692029,
				"omitted":	false,
				"sender":	false
			}
		}, {
			"streams":	[{
					"socket":	6,
					"start":	8.000833,
					"end":	9.000843,
					"seconds":	1.0000100135803223,
					"bytes":	78901520,
					"bits_per_second":	631205839.36962759,
					"jitter_ms":	0.034358848212266653,
					"lost_packets":	10177,
					"packets":	64667,