{
	"start":	{
		"connected":	[{
				"socket":	6,
				"local_host":	"10.9.0.2",
				"local_port":	37005,
				"remote_host":	"192.168.0.45",
				"remote_port":	7070
			}],
		"version":	"iperf 3.17.1",
		"system_info":	"Linux ba59f0860ce0 6.10.6-arch1-1 #1 SMP PREEMPT_DYNAMIC Mon, 19 Aug 2024 17:02:39 +0000 x86_64",
		"timestamp":	{
			"time":	"Wed, 04 Sep 2024 06:50:34 GMT",
			"timesecs":	1725432634
		},
		"connecting_to":	{
			"host":	"192.168.0.45",
			"port":	7070
		},
		"cookie":	"szwtzlwplvh25umx6bpzw5b2fa7olfmoxooc",
		"target_bitrate":	900000000,
		"fq_rate":	0,
		"sock_bufsize":	0,
		"sndbuf_actual":	212992,
		"rcvbuf_actual":	212992,
		"test_start":	{
			"protocol":	"UDP",
			"num_streams":	1,
			"blksize":	1448,
			"omit":	2,
			"duration":	15,
			"bytes":	0,
			"blocks":	0,
			"reverse":	1,
			"tos":	0,
			"target_bitrate":	900000000,
			"bidir":	0,
			"fqrate":	0,
			"interval":	1
		}
	},
	"intervals":	[{
			"streams":	[{
					"socket":	6,
					"start":	0,
					"end":	1.000849,
					"seconds":	1.0008490085601807,
					"bytes":	112725352,
					"bits_per_second":	901037827.17168462,
					"jitter_ms":	0.00958491594398619,
					"lost_packets":	3585,
					"packets":	81434,
					"lost_percent":	4.4023380897413853,
					"omitted":	true,
					"sender":	false
				}],
			"sum":	{
				"start":	0,
				"end":	1.000849,
				"seconds":	1.0008490085601807,
				"bytes":	112725352,
				"bits_per_second":	901037827.17168462,
				"jitter_ms":	0.00958491594398619,
				"lost_packets":	3585,
				"packets":	81434,
				"lost_percent":	4.4023380897413853,
				"omitted":	true,
				"sender":	false
			}
		}, {
			"streams":	[{
					"socket":	6,
					"start":	1.000849,
					"end":	2.000847,
					"seconds":	0.99999797344207764,
					"bytes":	110602584,
					"bits_per_second":	884822465.14397657,
					"jitter_ms":	0.017713568411384814,
					"lost_packets":	207,
					"packets":	76590,
					"lost_percent":	0.27027027027027029,
					"omitted":	true,
					"sender":	false
				}],
			"sum":	{
				"start":	1.000849,
				"end":	2.000847,
				"seconds":	0.99999797344207764,
				"bytes":	110602584,
				"bits_per_second":	884822465.14397657,
				"jitter_ms":	0.017713568411384814,
				"lost_packets":	207,
				"packets":	76590,
				"lost_percent":	0.27027027027027029,
				"omitted":	true,
				"sender":	false
			}
		}, {
			"streams":	[{
					"socket":	6,
					"start":	2e-05,
					"end":	1.000994,
					"seconds":	1.0010139942169189,
					"bytes":	86906064,
					"bits_per_second":	694544248.14898264,
					"jitter_ms":	0.025259835625064911,
					"lost_packets":	17566,
					"packets":	77584,
					"lost_percent":	22.641266240461952,
					"omitted":	false,
					"sender":	false
				}],
			"sum":	{
				"start":	2e-05,
				"end":	1.000994,
				"seconds":	1.0010139942169189,
				"bytes":	86906064,
				"bits_per_second":	694544248.14898264,
				"jitter_ms":	0.025259835625064911,
				"lost_packets":	17566,
				"packets":	77584,
				"lost_percent":	22.641266240461952,
				"omitted":	false,
				"sender":	false
			}
		}, {
			"streams":	[{
					"socket":	6,
					"start":	1.000994,
					"end":	2.00059,
					"seconds":	0.9995959997177124,
					"bytes":	83427968,
					"bits_per_second":	667693492.35939479,
					"jitter_ms":	0.013071334940537107,
					"lost_packets":	20273,
					"packets":	77889,
					"lost_percent":	26.02806558050559,
					"omitted":	false,
					"sender":	false
				}],
			"sum":	{
				"start":	1.000994,
				"end":	2.00059,
				"seconds":	0.9995959997177124,
				"bytes":	83427968,
				"bits_per_second":	667693492.35939479,
				"jitter_ms":	0.013071334940537107,
				"lost_packets":	20273,
				"packets":	77889,
				"lost_percent":	26.02806558050559,
				"omitted":	false,
				"sender":	false
			}
		}, {
			"streams":	[{
					"socket":	6,
					"start":	2.00059,
					"end":	3.000993,
					"seconds":	1.0004030466079712,
					"bytes":	95281296,
					"bits_per_second":	761943269.349822,
					"jitter_ms":	0.047384174767885014,
					"lost_packets":	11764,
					"packets":	77566,
					"lost_percent":	15.166438903643348,
					"omitted":	false,
					"sender":	false
				}],
			"sum":	{
				"start":	2.00059,
				"end":	3.000993,
				"seconds":	1.0004030466079712,
				"bytes":	95281296,
				"bits_per_second":	761943269.349822,
				"jitter_ms":	0.047384174767885014,
				"lost_packets":	11764,
				"packets":	77566,
				"lost_percent":	15.166438903643348,
				"omitted":	false,
				"sender":	false
			}
		}, {
			"streams":	[{
					"socket":	6,
					"start":	3.000993,
					"end":	4.00099,
					"seconds":	0.99999701976776123,
					"bytes":	86581712,
					"bits_per_second":	692655760.275027,
					"jitter_ms":	0.014332040999032085,
					"lost_packets":	16158,
					"packets":	75952,
					"lost_percent":	21.273962502633243,
					"omitted":	false,
					"sender":	false
				}],
			"sum":	{
				"start":	3.000993,
				"end":	4.00099,
				"seconds":	0.99999701976776123,
				"bytes":	86581712,
				"bits_per_second":	692655760.275027,
				"jitter_ms":	0.014332040999032085,
				"lost_packets":	16158,
				"packets":	75952,
				"lost_percent":	21.273962502633243,
				"omitted":	false,
				"sender":	false
			}
		}, {
			"streams":	[{
					"socket":	6,
					"start":	4.00099,
					"end":	5.000989,
					"seconds":	0.99999898672103882,
					"bytes":	84331520,
					"bits_per_second":	674652843.61153257,
					"jitter_ms":	0.0093596031671415759,
					"lost_packets":	15957,
					"packets":	74197,
					"lost_percent":	21.506260360931034,
					"omitted":	false,
					"sender":	false
				}],
			"sum":	{
				"start":	4.00099,
				"end":	5.000989,
				"seconds":	0.99999898672103882,
				"bytes":	84331520,
				"bits_per_second":	674652843.61153257,
				"jitter_ms":	0.0093596031671415759,
				"lost_packets":	15957,
				"packets":	74197,
				"lost_percent":	21.506260360931034,
				"omitted":	false,
				"sender":	false
			}
		}, {
			"streams":	[{
					"socket":	6,
					"start":	5.000989,
					"end":	6.000994,
					"seconds":	1.0000050067901611,
					"bytes":	80613056,
					"bits_per_second":	644901219.11492121,
					"jitter_ms":	0.021025897611074464,
					"lost_packets":	13713,
					"packets":	69385,
					"lost_percent":	19.763637673848816,
					"omitted":	false,
					"sender":	false
				}],
			"sum":	{
				"start":	5.000989,
				"end":	6.000994,
				"seconds":	1.0000050067901611,
				"bytes":	80613056,
				"bits_per_second":	644901219.11492121,
				"jitter_ms":	0.021025897611074464,
				"lost_packets":	13713,
				"packets":	69385,
				"lost_percent":	19.763637673848816,
				"omitted":	false,
				"sender":	false
			}
		}, {
			"streams":	[{
					"socket":	6,
					"start":	6.000994,
					"end":	7.000998,
					"seconds":	1.0000040531158447,
					"bytes":	73354232,
					"bits_per_second":	586831477.50404036,
					"jitter_ms":	0.028569041947799932,
					"lost_packets":	12553,
					"packets":	63213,
					"lost_percent":	19.858257004097258,
					"omitted":	false,
					"sender":	false
				}],
			"sum":	{
				"start":	6.000994,
				"end":	7.000998,
				"seconds":	1.0000040531158447,
				"bytes":	73354232,
				"bits_per_second":	586831477.50404036,
				"jitter_ms":	0.028569041947799932,
				"lost_packets":	12553,
				"packets":	63213,
				"lost_percent":	19.858257004097258,
				"omitted":	false,
				"sender":	false
			}
		}, {
			"streams":	[{
					"socket":	6,
					"start":	7.000998,
					"end":	8.000992,
					"seconds":	0.99999397993087769,
					"bytes":	70365560,
					"bits_per_second":	562927868.86468148,
					"jitter_ms":	0.019666036386376741,
					"lost_packets":	12034,
					"packets":	60629,
					"lost_percent":	19.848587309703277,
					"omitted":	false,
					"sender":	false
				}],
			"sum":	{
				"start":	7.000998,
				"end":	8.000992,
				"seconds":	0.99999397993087769,
				"bytes":	70365560,
				"bits_per_second":	562927868.86468148,
				"jitter_ms":	0.019666036386376741,
				"lost_packets":	12034,
				"packets":	60629,
				"lost_percent":	19.848587309703277,
				"omitted":	false,