{
	"start":	{
		"connected":	[{
				"socket":	6,
				"local_host":	"10.9.0.2",
				"local_port":	57585,
				"remote_host":	"192.168.0.45",
				"remote_port":	7070
			}],
		"version":	"iperf 3.17.1",
		"system_info":	"Linux 7214a5583b84 6.10.6-arch1-1 #1 SMP PREEMPT_DYNAMIC Mon, 19 Aug 2024 17:02:39 +0000 x86_64",
		"timestamp":	{
			"time":	"Wed, 04 Sep 2024 06:56:44 GMT",
			"timesecs":	1725433004
		},
		"connecting_to":	{
			"host":	"192.168.0.45",
			"port":	7070
		},
		"cookie":	"4lusxbccg5uc67yccomecafkwrlehnvlyabi",
		"target_bitrate":	960000000,
		"fq_rate":	0,
		"sock_bufsize":	0,
		"sndbuf_actual":	212992,
		"rcvbuf_actual":	212992,
		"test_start":	{
			"protocol":	"UDP",
			"num_streams":	1,
			"blksize":	1448,
			"omit":	2,
			"duration":	15,
			"bytes":	0,
			"blocks":	0,
			"reverse":	1,
			"tos":	0,
			"target_bitrate":	960000000,
			"bidir":	0,
			"fqrate":	0,
			"interval":	1
		}
	},
	"intervals":	[{
			"streams":	[{
					"socket":	6,
					"start":	0,
					"end":	1.001018,
					"seconds":	1.0010180473327637,
					"bytes":	119791592,
					"bits_per_second":	957358100.139653,
					"jitter_ms":	0.014100693774672674,
					"lost_packets":	3398,
					"packets":	86127,
					"lost_percent":	3.9453365379033287,
					"omitted":	true,
					"sender":	false
				}],
			"sum":	{
				"start":	0,
				"end":	1.001018,
				"seconds":	1.0010180473327637,
				"bytes":	119791592,
				"bits_per_second":	957358100.139653,
				"jitter_ms":	0.014100693774672674,
				"lost_packets":	3398,
				"packets":	86127,
				"lost_percent":	3.9453365379033287,
				"omitted":	true,
				"sender":	false
			}
		}, {
			"streams":	[{
					"socket":	6,
					"start":	1.001018,
					"end":	2.00102,
					"seconds":	1.0000020265579224,
					"bytes":	119546880,
					"bits_per_second":	956373101.85451365,
					"jitter_ms":	0.011430770340397361,
					"lost_packets":	0,
					"packets":	82560,
					"lost_percent":	0,
					"omitted":	true,
					"sender":	false
				}],
			"sum":	{
				"start":	1.001018,
				"end":	2.00102,
				"seconds":	1.0000020265579224,
				"bytes":	119546880,
				"bits_per_second":	956373101.85451365,
				"jitter_ms":	0.011430770340397361,
				"lost_packets":	0,
				"packets":	82560,
				"lost_percent":	0,
				"omitted":	true,
				"sender":	false
			}
		}, {
			"streams":	[{
					"socket":	6,
					"start":	2.8e-05,
					"end":	1.000984,
					"seconds":	1.0010119676589966,
					"bytes":	119667064,
					"bits_per_second":	956368697.807742,
					"jitter_ms":	0.015091032743325112,
					"lost_packets":	0,
					"packets":	82645,
					"lost_percent":	0,
					"omitted":	false,
					"sender":	false
				}],
			"sum":	{
				"start":	2.8e-05,
				"end":	1.000984,
				"seconds":	1.0010119676589966,
				"bytes":	119667064,
				"bits_per_second":	956368697.807742,
				"jitter_ms":	0.015091032743325112,
				"lost_packets":	0,
				"packets":	82645,
				"lost_percent":	0,
				"omitted":	false,
				"sender":	false
			}
		}, {
			"streams":	[{
					"socket":	6,
					"start":	1.000984,
					"end":	2.000989,
					"seconds":	1.0000050067901611,
					"bytes":	119546880,
					"bits_per_second":	956370251.65483356,
					"jitter_ms":	0.0172839381908889,
					"lost_packets":	0,
					"packets":	82560,
					"lost_percent":	0,
					"omitted":	false,
					"sender":	false
				}],
			"sum":	{
				"start":	1.000984,
				"end":	2.000989,
				"seconds":	1.0000050067901611,
				"bytes":	119546880,
				"bits_per_second":	956370251.65483356,
				"jitter_ms":	0.0172839381908889,
				"lost_packets":	0,
				"packets":	82560,
				"lost_percent":	0,
				"omitted":	false,
				"sender":	false
			}
		}, {
			"streams":	[{
					"socket":	6,
					"start":	2.000989,
					"end":	3.000984,
					"seconds":	0.999994993209839,
					"bytes":	119542536,
					"bits_per_second":	956345076.21911824,
					"jitter_ms":	0.015182434590433103,
					"lost_packets":	0,
					"packets":	82557,
					"lost_percent":	0,
					"omitted":	false,
					"sender":	false
				}],
			"sum":	{
				"start":	2.000989,
				"end":	3.000984,
				"seconds":	0.999994993209839,
				"bytes":	119542536,
				"bits_per_second":	956345076.21911824,
				"jitter_ms":	0.015182434590433103,
				"lost_packets":	0,
				"packets":	82557,
				"lost_percent":	0,
				"omitted":	false,
				"sender":	false
			}
		}, {
			"streams":	[{
					"socket":	6,
					"start":	3.000984,
					"end":	4.000983,
					"seconds":	0.99999898672103882,
					"bytes":	119542536,
					"bits_per_second":	956341257.04047549,
					"jitter_ms":	0.0142234824995951,
					"lost_packets":	2,
					"packets":	82559,
					"lost_percent":	0.0024225099625722209,
					"omitted":	false,
					"sender":	false
				}],
			"sum":	{
				"start":	3.000984,
				"end":	4.000983,
				"seconds":	0.99999898672103882,
				"bytes":	119542536,
				"bits_per_second":	956341257.04047549,
				"jitter_ms":	0.0142234824995951,
				"lost_packets":	2,
				"packets":	82559,
				"lost_percent":	0.0024225099625722209,
				"omitted":	false,
				"sender":	false
			}
		}, {
			"streams":	[{
					"socket":	6,
					"start":	4.000983,
					"end":	5.000873,
					"seconds":	0.9998900294303894,
					"bytes":	119539640,
					"bits_per_second":	956422298.304933,
					"jitter_ms":	0.013825511960685995,
					"lost_packets":	0,
					"packets":	82555,
					"lost_percent":	0,
					"omitted":	false,
					"sender":	false
				}],
			"sum":	{
				"start":	4.000983,
				"end":	5.000873,
				"seconds":	0.9998900294303894,
				"bytes":	119539640,
				"bits_per_second":	956422298.304933,
				"jitter_ms":	0.013825511960685995,
				"lost_packets":	0,
				"packets":	82555,
				"lost_percent":	0,
				"omitted":	false,
				"sender":	false
			}
		}, {
			"streams":	[{
					"socket":	6,
					"start":	5.000873,
					"end":	6.000981,
					"seconds":	1.000108003616333,
					"bytes":	119558464,
					"bits_per_second":	956364421.18398,
					"jitter_ms":	0.015355303576581835,
					"lost_packets":	0,
					"packets":	82568,
					"lost_percent":	0,
					"omitted":	false,
					"sender":	false
				}],
			"sum":	{
				"start":	5.000873,
				"end":	6.000981,
				"seconds":	1.000108003616333,
				"bytes":	119558464,
				"bits_per_second":	956364421.18398,
				"jitter_ms":	0.015355303576581835,
				"lost_packets":	0,
				"packets":	82568,
				"lost_percent":	0,
				"omitted":	false,
				"sender":	false
			}
		}, {
			"streams":	[{
					"socket":	6,
					"start":	6.000981,
					"end":	7.000867,
					"seconds":	0.99988597631454468,
					"bytes":	119541088,
					"bits_per_second":	956437760.55836749,
					"jitter_ms":	0.014654455522192061,
					"lost_packets":	0,
					"packets":	82556,
					"lost_percent":	0,
					"omitted":	false,
					"sender":	false
				}],
			"sum":	{
				"start":	6.000981,
				"end":	7.000867,
				"seconds":	0.99988597631454468,
				"bytes":	119541088,
				"bits_per_second":	956437760.55836749,
				"jitter_ms":	0.014654455522192061,
				"lost_packets":	0,
				"packets":	82556,
				"lost_percent":	0,
				"omitted":	false,
				"sender":	false
			}
		}, {
			"streams":	[{
					"socket":	6,
					"start":	7.000867,
					"end":	8.000983,
					"seconds":	1.0001159906387329,
					"bytes":	119562808,
					"bits_per_second":	956391531.53537846,
					"jitter_ms":	0.017869929532537122,
					"lost_packets":	0,
					"packets":	82571,
					"lost_percent":	0,
					"omitted":	false,
					"sender":	false
				}],
			"sum":	{
				"start":	7.000867,
				"end":	8.000983,
				"seconds":	1.0001159906387329,
				"bytes":	119562808,
				"bits_per_second":	956391531.53537846,
				"jitter_ms":	0.017869929532537122,
				"lost_packets":	0,
				"packets":	82571,
				"lost_percent":	0,
				"omitted":	false,
				"sender":	false
			}
		}, {
			"streams":	[{
					"socket":	6,
					"start":	8.000983,
					"end":	9.000868,
					"seconds":	0.99988502264022827,
					"bytes":	119523712,
					"bits_per_second":	956299648.80877066,
					"jitter_ms":	0.01471293238492863,
					"lost_packets":	0,
					"packets":	82544,
					"lost_percent":	0,
					"omitted":	false,
					"sender":	false
				}],