{
	"start":	{
		"connected":	[{
				"socket":	6,
				"local_host":	"10.9.0.2",
				"local_port":	49323,
				"remote_host":	"192.168.0.45",
				"remote_port":	7070
			}],
		"version":	"iperf 3.17.1",
		"system_info":	"Linux cec2c10876d3 6.10.6-arch1-1 #1 SMP PREEMPT_DYNAMIC Mon, 19 Aug 2024 17:02:39 +0000 x86_64",
		"timestamp":	{
			"time":	"Wed, 04 Sep 2024 08:33:53 GMT",
			"timesecs":	1725438833
		},
		"connecting_to":	{
			"host":	"192.168.0.45",
			"port":	7070
		},
		"cookie":	"e72pbpzysgidyluxt5sobgc2vky4zfmcnll4",
		"target_bitrate":	970000000,
		"fq_rate":	0,
		"sock_bufsize":	0,
		"sndbuf_actual":	212992,
		"rcvbuf_actual":	212992,
		"test_start":	{
			"protocol":	"UDP",
			"num_streams":	1,
			"blksize":	1448,
			"omit":	2,
			"duration":	15,
			"bytes":	0,
			"blocks":	0,
			"reverse":	1,
			"tos":	0,
			"target_bitrate":	970000000,
			"bidir":	0,
			"fqrate":	0,
			"interval":	1
		}
	},
	"intervals":	[{
			"streams":	[{
					"socket":	6,
					"start":	0,
					"end":	1.00102,
					"seconds":	1.0010199546813965,
					"bytes":	119784352,
					"bits_per_second":	957298415.0001272,
					"jitter_ms":	0.019775583308481247,
					"lost_packets":	3691,
					"packets":	86415,
					"lost_percent":	4.2712492044205286,
					"omitted":	true,
					"sender":	false
				}],
			"sum":	{
				"start":	0,
				"end":	1.00102,
				"seconds":	1.0010199546813965,
				"bytes":	119784352,
				"bits_per_second":	957298415.0001272,
				"jitter_ms":	0.019775583308481247,
				"lost_packets":	3691,
				"packets":	86415,
				"lost_percent":	4.2712492044205286,
				"omitted":	true,
				"sender":	false
			}
		}, {
			"streams":	[{
					"socket":	6,
					"start":	0.999999,
					"end":	1.000613,
					"seconds":	2.0006120204925537,
					"bytes":	119623624,
					"bits_per_second":	478348116.57504082,
					"jitter_ms":	0.015989087170275959,
					"lost_packets":	0,
					"packets":	165172,
					"lost_percent":	0,
					"omitted":	false,
					"sender":	false
				}],
			"sum":	{
				"start":	0.999999,
				"end":	1.000613,
				"seconds":	2.0006120204925537,
				"bytes":	119623624,
				"bits_per_second":	478348116.57504082,
				"jitter_ms":	0.015989087170275959,
				"lost_packets":	0,
				"packets":	165172,
				"lost_percent":	0,
				"omitted":	false,
				"sender":	false
			}
		}, {
			"streams":	[{
					"socket":	6,
					"start":	1.000613,
					"end":	2.000611,
					"seconds":	0.99999797344207764,
					"bytes":	119529504,
					"bits_per_second":	956237969.87163353,
					"jitter_ms":	0.014863537496623813,
					"lost_packets":	0,
					"packets":	82549,
					"lost_percent":	0,
					"omitted":	false,
					"sender":	false
				}],
			"sum":	{
				"start":	1.000613,
				"end":	2.000611,
				"seconds":	0.99999797344207764,
				"bytes":	119529504,
				"bits_per_second":	956237969.87163353,
				"jitter_ms":	0.014863537496623813,
				"lost_packets":	0,
				"packets":	82549,
				"lost_percent":	0,
				"omitted":	false,
				"sender":	false
			}
		}, {
			"streams":	[{
					"socket":	6,
					"start":	2.000611,
					"end":	3.000614,
					"seconds":	1.0000029802322388,
					"bytes":	119564256,
					"bits_per_second":	956511197.374493,
					"jitter_ms":	0.015156814792877067,
					"lost_packets":	0,
					"packets":	82572,
					"lost_percent":	0,
					"omitted":	false,
					"sender":	false
				}],
			"sum":	{
				"start":	2.000611,
				"end":	3.000614,
				"seconds":	1.0000029802322388,
				"bytes":	119564256,
				"bits_per_second":	956511197.374493,
				"jitter_ms":	0.015156814792877067,
				"lost_packets":	0,
				"packets":	82572,
				"lost_percent":	0,
				"omitted":	false,
				"sender":	false
			}
		}, {
			"streams":	[{
					"socket":	6,
					"start":	3.000614,
					"end":	4.000617,
					"seconds":	1.0000029802322388,
					"bytes":	110483848,
					"bits_per_second":	883868149.867645,
					"jitter_ms":	0.020191647363690387,
					"lost_packets":	4524,
					"packets":	80825,
					"lost_percent":	5.5972780699041138,
					"omitted":	false,
					"sender":	false
				}],
			"sum":	{
				"start":	3.000614,
				"end":	4.000617,
				"seconds":	1.0000029802322388,
				"bytes":	110483848,
				"bits_per_second":	883868149.867645,
				"jitter_ms":	0.020191647363690387,
				"lost_packets":	4524,
				"packets":	80825,
				"lost_percent":	5.5972780699041138,
				"omitted":	false,
				"sender":	false
			}
		}, {
			"streams":	[{
					"socket":	6,
					"start":	4.000617,
					"end":	5.00061,
					"seconds":	0.99999302625656128,
					"bytes":	86325416,
					"bits_per_second":	690608144.12401378,
					"jitter_ms":	0.0189545008636445,
					"lost_packets":	15210,
					"packets":	74827,
					"lost_percent":	20.3268873534954,
					"omitted":	false,
					"sender":	false
				}],
			"sum":	{
				"start":	4.000617,
				"end":	5.00061,
				"seconds":	0.99999302625656128,
				"bytes":	86325416,
				"bits_per_second":	690608144.12401378,
				"jitter_ms":	0.0189545008636445,
				"lost_packets":	15210,
				"packets":	74827,
				"lost_percent":	20.3268873534954,
				"omitted":	false,
				"sender":	false
			}
		}, {
			"streams":	[{
					"socket":	6,
					"start":	5.00061,
					"end":	6.000621,
					"seconds":	1.0000109672546387,
					"bytes":	80253952,
					"bits_per_second":	642024574.75300443,
					"jitter_ms":	0.031834580906738984,
					"lost_packets":	13797,
					"packets":	69221,
					"lost_percent":	19.931812600222475,
					"omitted":	false,
					"sender":	false
				}],
			"sum":	{
				"start":	5.00061,
				"end":	6.000621,
				"seconds":	1.0000109672546387,
				"bytes":	80253952,
				"bits_per_second":	642024574.75300443,
				"jitter_ms":	0.031834580906738984,
				"lost_packets":	13797,
				"packets":	69221,
				"lost_percent":	19.931812600222475,
				"omitted":	false,
				"sender":	false
			}
		}, {
			"streams":	[{
					"socket":	6,
					"start":	6.000621,
					"end":	7.00061,
					"seconds":	0.99998897314071655,
					"bytes":	72995128,
					"bits_per_second":	583967463.32704425,
					"jitter_ms":	0.014595422106477881,
					"lost_packets":	12701,
					"packets":	63112,
					"lost_percent":	20.124540499429585,
					"omitted":	false,
					"sender":	false
				}],
			"sum":	{
				"start":	6.000621,
				"end":	7.00061,
				"seconds":	0.99998897314071655,
				"bytes":	72995128,
				"bits_per_second":	583967463.32704425,
				"jitter_ms":	0.014595422106477881,
				"lost_packets":	12701,
				"packets":	63112,
				"lost_percent":	20.124540499429585,
				"omitted":	false,
				"sender":	false
			}
		}, {
			"streams":	[{
					"socket":	6,
					"start":	7.00061,
					"end":	8.000611,
					"seconds":	1.0000009536743164,
					"bytes":	71119968,
					"bits_per_second":	568959201.39822257,
					"jitter_ms":	0.023627798654607162,
					"lost_packets":	12094,
					"packets":	61210,
					"lost_percent":	19.758209442901485,
					"omitted":	false,
					"sender":	false
				}],
			"sum":	{
				"start":	7.00061,
				"end":	8.000611,
				"seconds":	1.0000009536743164,
				"bytes":	71119968,
				"bits_per_second":	568959201.39822257,
				"jitter_ms":	0.023627798654607162,
				"lost_packets":	12094,
				"packets":	61210,
				"lost_percent":	19.758209442901485,
				"omitted":	false,
				"sender":	false
			}
		}, {
			"streams":	[{
					"socket":	6,
					"start":	8.000611,
					"end":	9.00061,
					"seconds":	0.99999898672103882,
					"bytes":	66609448,
					"bits_per_second":	532876123.95216531,
					"jitter_ms":	0.025635879837548843,
					"lost_packets":	10851,
					"packets":	56852,
					"lost_percent":	19.086399774854009,
					"omitted":	false,
					"sender":	false
				}],
			"sum":	{
				"start":	8.000611,
				"end":	9.00061,
				"seconds":	0.99999898672103882,
				"bytes":	66609448,
				"bits_per_second":	532876123.95216531,
				"jitter_ms":	0.025635879837548843,
				"lost_packets":	10851,
				"packets":	56852,
				"lost_percent":	19.086399774854009,
				"omitted":	false,
				"sender":	false
			}
		}, {
			"streams":	[{
					"socket":	6,
					"start":	9.00061,
					"end":	10.000608,
					"seconds":	0.99999797344207764,
					"bytes":	65193304,