{
	"start":	{
		"connected":	[{
				"socket":	6,
				"local_host":	"10.13.13.2",
				"local_port":	46426,
				"remote_host":	"192.168.0.45",
				"remote_port":	7070
			}],
		"version":	"iperf 3.17.1",
		"system_info":	"Linux 526413d1b97a 6.10.8-arch1-1 #1 SMP PREEMPT_DYNAMIC Wed, 04 Sep 2024 15:16:37 +0000 x86_64",
		"timestamp":	{
			"time":	"Thu, 05 Sep 2024 18:20:47 GMT",
			"timesecs":	1725560447
		},
		"connecting_to":	{
			"host":	"192.168.0.45",
			"port":	7070
		},
		"cookie":	"mx7wyo7yh7verwtl34cnbzck5nzgqvxevtuw",
		"tcp_mss_default":	1368,
		"target_bitrate":	100000000,
		"fq_rate":	0,
		"sock_bufsize":	0,
		"sndbuf_actual":	16384,
		"rcvbuf_actual":	131072,
		"test_start":	{
			"protocol":	"TCP",
			"num_streams":	1,
			"blksize":	131072,
			"omit":	2,
			"duration":	5,
			"bytes":	0,
			"blocks":	0,
			"reverse":	0,
			"tos":	0,
			"target_bitrate":	100000000,
			"bidir":	0,
			"fqrate":	0,
			"interval":	1
		}
	},
	"intervals":	[{
			"streams":	[{
					"socket":	6,
					"start":	0,
					"end":	1.000056,
					"seconds":	1.0000560283660889,
					"bytes":	12582912,
					"bits_per_second":	100657656.31598228,
					"retransmits":	0,
					"snd_cwnd":	134064,
					"snd_wnd":	2466304,
					"rtt":	1245,
					"rttvar":	156,
					"pmtu":	1420,
					"omitted":	true,
					"sender":	true
				}],
			"sum":	{
				"start":	0,
				"end":	1.000056,
				"seconds":	1.0000560283660889,
				"bytes":	12582912,
				"bits_per_second":	100657656.31598228,
				"retransmits":	0,
				"omitted":	true,
				"sender":	true
			}
		}, {
			"streams":	[{
					"socket":	6,
					"start":	1.000056,
					"end":	2.000055,
					"seconds":	0.99999898672103882,
					"bytes":	12451840,
					"bits_per_second":	99614820.9376023,
					"retransmits":	0,
					"snd_cwnd":	134064,
					"snd_wnd":	2466304,
					"rtt":	1261,
					"rttvar":	160,
					"pmtu":	1420,
					"omitted":	true,
					"sender":	true
				}],
			"sum":	{
				"start":	1.000056,
				"end":	2.000055,
				"seconds":	0.99999898672103882,
				"bytes":	12451840,
				"bits_per_second":	99614820.9376023,
				"retransmits":	0,
				"omitted":	true,
				"sender":	true
			}
		}, {
			"streams":	[{
					"socket":	6,
					"start":	2.4e-05,
					"end":	0.99998,
					"seconds":	1.0000040531158447,
					"bytes":	12582912,
					"bits_per_second":	100662888.00165367,
					"retransmits":	0,
					"snd_cwnd":	134064,
					"snd_wnd":	2466304,
					"rtt":	907,
					"rttvar":	32,
					"pmtu":	1420,
					"omitted":	false,
					"sender":	true
				}],
			"sum":	{
				"start":	2.4e-05,
				"end":	0.99998,
				"seconds":	1.0000040531158447,
				"bytes":	12582912,
				"bits_per_second":	100662888.00165367,
				"retransmits":	0,
				"omitted":	false,
				"sender":	true
			}
		}, {
			"streams":	[{
					"socket":	6,
					"start":	0.99998,
					"end":	1.999979,
					"seconds":	0.99999898672103882,
					"bytes":	12451840,
					"bits_per_second":	99614820.9376023,
					"retransmits":	4,
					"snd_cwnd":	132696,
					"snd_wnd":	2466304,
					"rtt":	1243,
					"rttvar":	144,
					"pmtu":	1420,
					"omitted":	false,
					"sender":	true
				}],
			"sum":	{
				"start":	0.99998,
				"end":	1.999979,
				"seconds":	0.99999898672103882,
				"bytes":	12451840,
				"bits_per_second":	99614820.9376023,
				"retransmits":	4,
				"omitted":	false,
				"sender":	true
			}
		}, {
			"streams":	[{
					"socket":	6,
					"start":	1.999979,
					"end":	2.999978,
					"seconds":	0.99999898672103882,
					"bytes":	12451840,
					"bits_per_second":	99614820.9376023,
					"retransmits":	0,
					"snd_cwnd":	132696,
					"snd_wnd":	2466304,
					"rtt":	1562,
					"rttvar":	54,
					"pmtu":	1420,
					"omitted":	false,
					"sender":	true
				}],
			"sum":	{
				"start":	1.999979,
				"end":	2.999978,
				"seconds":	0.99999898672103882,
				"bytes":	12451840,
				"bits_per_second":	99614820.9376023,
				"retransmits":	0,
				"omitted":	false,
				"sender":	true
			}
		}, {
			"streams":	[{
					"socket":	6,
					"start":	2.999978,
					"end":	3.999979,
					"seconds":	1.0000009536743164,
					"bytes":	12582912,
					"bits_per_second":	100663200.00009155,
					"retransmits":	0,
					"snd_cwnd":	132696,
					"snd_wnd":	2466304,
					"rtt":	1253,
					"rttvar":	139,
					"pmtu":	1420,
					"omitted":	false,
					"sender":	true
				}],
			"sum":	{
				"start":	2.999978,
				"end":	3.999979,
				"seconds":	1.0000009536743164,
				"bytes":	12582912,
				"bits_per_second":	100663200.00009155,
				"retransmits":	0,
				"omitted":	false,
				"sender":	true
			}
		}, {
			"streams":	[{
					"socket":	6,
					"start":	3.999979,
					"end":	5.000124,
					"seconds":	1.0001449584960938,
					"bytes":	12451840,
					"bits_per_second":	99600282.0928973,
					"retransmits":	0,
					"snd_cwnd":	132696,
					"snd_wnd":	2466304,
					"rtt":	1405,
					"rttvar":	56,
					"pmtu":	1420,
					"omitted":	false,
					"sender":	true
				}],
			"sum":	{
				"start":	3.999979,
				"end":	5.000124,
				"seconds":	1.0001449584960938,
				"bytes":	12451840,
				"bits_per_second":	99600282.0928973,
				"retransmits":	0,
				"omitted":	false,
				"sender":	true
			}
		}],
	"end":	{
		"streams":	[{
				"sender":	{
					"socket":	6,
					"start":	0,
					"end":	5.000124,
					"seconds":	5.000124,
					"bytes":	62521344,
					"bits_per_second":	100031669.61459357,
					"retransmits":	4,
					"max_snd_cwnd":	134064,
					"max_snd_wnd":	2466304,
					"max_rtt":	1562,
					"min_rtt":	907,
					"mean_rtt":	1268,
					"sender":	true
				},
				"receiver":	{
					"socket":	6,
					"start":	0,
					"end":	5.042132,
					"seconds":	5.000124,
					"bytes":	63045632,
					"bits_per_second":	100030117.41858405,
					"sender":	true
				}
			}],
		"sum_sent":	{
			"start":	0,
			"end":	5.000124,
			"seconds":	5.000124,
			"bytes":	62521344,
			"bits_per_second":	100031669.61459357,
			"retransmits":	4,
			"sender":	true
		},
		"sum_received":	{
			"start":	0,
			"end":	5.042132,
			"seconds":	5.042132,
			"bytes":	63045632,
			"bits_per_second":	100030117.41858405,
			"sender":	true
		},
		"cpu_utilization_percent":	{
			"host_total":	98.7254763332561,
			"host_user":	98.4891552978162,
			"host_system":	0.23632103543992114,
			"remote_total":	1.1028360440996974,
			"remote_user":	0.12562498196728186,
			"remote_system":	0.97721106213241538
		},
		"sender_tcp_congestion":	"cubic",
		"receiver_tcp_congestion":	"cubic"
	},
	"server_output_json":	{
		"start":	{
			"connected":	[{
					"socket":	5,
					"local_host":	"192.168.0.45",
					"local_port":	7070,
					"remote_host":	"192.168.0.71",
					"remote_port":	46426
				}],
			"version":	"iperf 3.9",
			"system_info":	"Linux omv 5.15.158-2-pve #1 SMP PVE 5.15.158-2 (2024-07-26T13:11Z) x86_64",
			"target_bitrate":	100000000,
			"sock_bufsize":	0,
			"sndbuf_actual":	16384,
			"rcvbuf_actual":	131072,
			"timestamp":	{
				"time":	"Thu, 05 Sep 2024 18:20:47 GMT",
				"timesecs":	1725560447
			},
			"accepted_connection":	{
				"host":	"192.168.0.71",
				"port":	46422
			},
			"cookie":	"mx7wyo7yh7verwtl34cnbzck5nzgqvxevtuw",
			"tcp_mss_default":	0,
			"target_bitrate":	100000000,
			"test_start":	{
				"protocol":	"TCP",
				"num_streams":	1,
				"blksize":	131072,
				"omit":	2,
				"duration":	5,
				"bytes":	0,
				"blocks":	0,
				"reverse":	0,
				"tos":	0
			}
		},
		"intervals":	[{
				"streams":	[{
						"socket":	5,
						"start":	0,
						"end":	1.000054,
						"seconds":	1.0000540018081665,
						"bytes":	12058624,
						"bits_per_second":	96463782.781307235,
						"omitted":	true,
						"sender":	false
					}],
				"sum":	{
					"start":	0,
					"end":	1.000054,
					"seconds":	1.0000540018081665,
					"bytes":	12058624,
					"bits_per_second":	96463782.781307235,
					"omitted":	true,
					"sender":	false
				}
			}, {
				"streams":	[{
						"socket":	5,
						"start":	1,
						"end":	1.000007,
						"seconds":	2.0000069141387939,
						"bytes":	12555808,
						"bits_per_second":	50223058.375401869,
						"omitted":	false,
						"sender":	false
					}],