{
	"start":	{
		"connected":	[{
				"socket":	6,
				"local_host":	"10.13.13.2",
				"local_port":	37758,
				"remote_host":	"192.168.0.45",
				"remote_port":	7070
			}],
		"version":	"iperf 3.17.1",
		"system_info":	"Linux 43ab2cb92bdf 6.10.8-arch1-1 #1 SMP PREEMPT_DYNAMIC Wed, 04 Sep 2024 15:16:37 +0000 x86_64",
		"timestamp":	{
			"time":	"Thu, 05 Sep 2024 18:22:00 GMT",
			"timesecs":	1725560520
		},
		"connecting_to":	{
			"host":	"192.168.0.45",
			"port":	7070
		},
		"cookie":	"gqqh5yicxamspjcfuzpnbzc4v5sn2c4vr4xz",
		"tcp_mss_default":	1368,
		"target_bitrate":	100000000,
		"fq_rate":	0,
		"sock_bufsize":	0,
		"sndbuf_actual":	16384,
		"rcvbuf_actual":	131072,
		"test_start":	{
			"protocol":	"TCP",
			"num_streams":	1,
			"blksize":	131072,
			"omit":	2,
			"duration":	5,
			"bytes":	0,
			"blocks":	0,
			"reverse":	1,
			"tos":	0,
			"target_bitrate":	100000000,
			"bidir":	0,
			"fqrate":	0,
			"interval":	1
		}
	},
	"intervals":	[{
			"streams":	[{
					"socket":	6,
					"start":	0,
					"end":	1.000551,
					"seconds":	1.0005509853363037,
					"bytes":	12976128,
					"bits_per_second":	103751858.24749137,
					"omitted":	true,
					"sender":	false
				}],
			"sum":	{
				"start":	0,
				"end":	1.000551,
				"seconds":	1.0005509853363037,
				"bytes":	12976128,
				"bits_per_second":	103751858.24749137,
				"omitted":	true,
				"sender":	false
			}
		}, {
			"streams":	[{
					"socket":	6,
					"start":	1.000551,
					"end":	2.001012,
					"seconds":	1.0004609823226929,
					"bytes":	12451840,
					"bits_per_second":	99568820.5338425,
					"omitted":	true,
					"sender":	false
				}],
			"sum":	{
				"start":	1.000551,
				"end":	2.001012,
				"seconds":	1.0004609823226929,
				"bytes":	12451840,
				"bits_per_second":	99568820.5338425,
				"omitted":	true,
				"sender":	false
			}
		}, {
			"streams":	[{
					"socket":	6,
					"start":	1.9e-05,
					"end":	1.000989,
					"seconds":	1.0010080337524414,
					"bytes":	12582912,
					"bits_per_second":	100561926.18419582,
					"omitted":	false,
					"sender":	false
				}],
			"sum":	{
				"start":	1.9e-05,
				"end":	1.000989,
				"seconds":	1.0010080337524414,
				"bytes":	12582912,
				"bits_per_second":	100561926.18419582,
				"omitted":	false,
				"sender":	false
			}
		}, {
			"streams":	[{
					"socket":	6,
					"start":	1.000989,
					"end":	2.000988,
					"seconds":	0.99999898672103882,
					"bytes":	12451840,
					"bits_per_second":	99614820.9376023,
					"omitted":	false,
					"sender":	false
				}],
			"sum":	{
				"start":	1.000989,
				"end":	2.000988,
				"seconds":	0.99999898672103882,
				"bytes":	12451840,
				"bits_per_second":	99614820.9376023,
				"omitted":	false,
				"sender":	false
			}
		}, {
			"streams":	[{
					"socket":	6,
					"start":	2.000988,
					"end":	3.000989,
					"seconds":	1.0000009536743164,
					"bytes":	12582912,
					"bits_per_second":	100663200.00009155,
					"omitted":	false,
					"sender":	false
				}],
			"sum":	{
				"start":	2.000988,
				"end":	3.000989,
				"seconds":	1.0000009536743164,
				"bytes":	12582912,
				"bits_per_second":	100663200.00009155,
				"omitted":	false,
				"sender":	false
			}
		}, {
			"streams":	[{
					"socket":	6,
					"start":	3.000989,
					"end":	4.000988,
					"seconds":	0.99999898672103882,
					"bytes":	12451840,
					"bits_per_second":	99614820.9376023,
					"omitted":	false,
					"sender":	false
				}],
			"sum":	{
				"start":	3.000989,
				"end":	4.000988,
				"seconds":	0.99999898672103882,
				"bytes":	12451840,
				"bits_per_second":	99614820.9376023,
				"omitted":	false,
				"sender":	false
			}
		}, {
			"streams":	[{
					"socket":	6,
					"start":	4.000988,
					"end":	4.999982,
					"seconds":	0.998993992805481,
					"bytes":	12451840,
					"bits_per_second":	99715034.0416476,
					"omitted":	false,
					"sender":	false
				}],
			"sum":	{
				"start":	4.000988,
				"end":	4.999982,
				"seconds":	0.998993992805481,
				"bytes":	12451840,
				"bits_per_second":	99715034.0416476,
				"omitted":	false,
				"sender":	false
			}
		}],
	"end":	{
		"streams":	[{
				"sender":	{
					"socket":	6,
					"start":	0,
					"end":	5.0428,
					"seconds":	5.0428,
					"bytes":	63045632,
					"bits_per_second":	100016866.82002063,
					"retransmits":	0,
					"max_snd_cwnd":	0,
					"max_snd_wnd":	0,
					"max_rtt":	0,
					"min_rtt":	0,
					"mean_rtt":	0,
					"sender":	false
				},
				"receiver":	{
					"socket":	6,
					"start":	0,
					"end":	4.999982,
					"seconds":	4.999982,
					"bytes":	62521344,
					"bits_per_second":	100034510.52423789,
					"sender":	false
				}
			}],
		"sum_sent":	{
			"start":	0,
			"end":	5.0428,
			"seconds":	5.0428,
			"bytes":	63045632,
			"bits_per_second":	100016866.82002063,
			"retransmits":	0,
			"sender":	false
		},
		"sum_received":	{
			"start":	0,
			"end":	4.999982,
			"seconds":	4.999982,
			"bytes":	62521344,
			"bits_per_second":	100034510.52423789,
			"sender":	false
		},
		"cpu_utilization_percent":	{
			"host_total":	3.60610271398131,
			"host_user":	0.16023463983900452,
			"host_system":	3.4458680741423056,
			"remote_total":	0.32419612233799,
			"remote_user":	0.024851823942649065,
			"remote_system":	0.29934429839534088
		},
		"sender_tcp_congestion":	"cubic",
		"receiver_tcp_congestion":	"cubic"
	},
	"server_output_json":	{
		"start":	{
			"connected":	[{
					"socket":	5,
					"local_host":	"192.168.0.45",
					"local_port":	7070,
					"remote_host":	"192.168.0.71",
					"remote_port":	37758
				}],
			"version":	"iperf 3.9",
			"system_info":	"Linux omv 5.15.158-2-pve #1 SMP PVE 5.15.158-2 (2024-07-26T13:11Z) x86_64",
			"target_bitrate":	100000000,
			"sock_bufsize":	0,
			"sndbuf_actual":	16384,
			"rcvbuf_actual":	131072,
			"timestamp":	{
				"time":	"Thu, 05 Sep 2024 18:22:00 GMT",
				"timesecs":	1725560520
			},
			"accepted_connection":	{
				"host":	"192.168.0.71",
				"port":	37750
			},
			"cookie":	"gqqh5yicxamspjcfuzpnbzc4v5sn2c4vr4xz",
			"tcp_mss_default":	0,
			"target_bitrate":	100000000,
			"test_start":	{
				"protocol":	"TCP",
				"num_streams":	1,
				"blksize":	131072,
				"omit":	2,
				"duration":	5,
				"bytes":	0,
				"blocks":	0,
				"reverse":	1,
				"tos":	0
			}
		},
		"intervals":	[{
				"streams":	[{
						"socket":	5,
						"start":	0,
						"end":	1.000055,
						"seconds":	1.0000549554824829,
						"bytes":	12553072,
						"bits_per_second":	100419057.42224889,
						"retransmits":	0,
						"snd_cwnd":	132696,
						"rtt":	1750,
						"rttvar":	99,
						"pmtu":	1500,
						"omitted":	true,
						"sender":	true
					}],
				"sum":	{
					"start":	0,
					"end":	1.000055,
					"seconds":	1.0000549554824829,
					"bytes":	12553072,
					"bits_per_second":	100419057.42224889,
					"retransmits":	0,
					"omitted":	true,
					"sender":	true
				}
			}, {
				"streams":	[{
						"socket":	5,
						"start":	0.999998,
						"end":	1.000003,
						"seconds":	2.0000009536743164,
						"bytes":	12582912,
						"bits_per_second":	50331624.000011444,
						"retransmits":	0,
						"snd_cwnd":	132696,
						"rtt":	1700,
						"rttvar":	45,
						"pmtu":	1500,
						"omitted":	false,
						"sender":	true
					}],
				"sum":	{
					"start":	0.999998,
					"end":	1.000003,
					"seconds":	2.0000009536743164,
					"bytes":	12582912,
					"bits_per_second":	50331624.000011444,
					"retransmits":	0,
					"omitted":	false,
					"sender":	true
				}
			}, {
				"streams":	[{
						"socket":	5,
						"start":	1.000003,
						"end":	2.000002,
						"seconds":	0.99999898672103882,
						"bytes":	12451840,
						"bits_per_second":	99614820.9376023,
						"retransmits":	0,
						"snd_cwnd":	132696,
						"rtt":	1755,
						"rttvar":	121,
						"pmtu":	1500,
						"omitted":	false,
						"sender":	true
					}],
				"sum":	{
					"start":	1.000003,
					"end":	2.000002,
					"seconds":	0.99999898672103882,
					"bytes":	12451840,
					"bits_per_second":	99614820.9376023,
					"retransmits":	0,
					"omitted":	false,