{
	"start":	{
		"connected":	[{
				"socket":	6,
				"local_host":	"10.13.13.2",
				"local_port":	52875,
				"remote_host":	"192.168.0.45",
				"remote_port":	7070
			}],
		"version":	"iperf 3.17.1",
		"system_info":	"Linux ddf5eb669c9b 6.10.8-arch1-1 #1 SMP PREEMPT_DYNAMIC Wed, 04 Sep 2024 15:16:37 +0000 x86_64",
		"timestamp":	{
			"time":	"Thu, 05 Sep 2024 18:21:24 GMT",
			"timesecs":	1725560484
		},
		"connecting_to":	{
			"host":	"192.168.0.45",
			"port":	7070
		},
		"cookie":	"3refokr4ebweuxpsq6eyka5nq7dv3vckwuqf",
		"target_bitrate":	100000000,
		"fq_rate":	0,
		"sock_bufsize":	0,
		"sndbuf_actual":	212992,
		"rcvbuf_actual":	212992,
		"test_start":	{
			"protocol":	"UDP",
			"num_streams":	1,
			"blksize":	1368,
			"omit":	2,
			"duration":	5,
			"bytes":	0,
			"blocks":	0,
			"reverse":	0,
			"tos":	0,
			"target_bitrate":	100000000,
			"bidir":	0,
			"fqrate":	0,
			"interval":	1
		}
	},
	"intervals":	[{
			"streams":	[{
					"socket":	6,
					"start":	0,
					"end":	1.000059,
					"seconds":	1.0000590085983276,
					"bytes":	12489840,
					"bits_per_second":	99912824.284284025,
					"packets":	9130,
					"omitted":	true,
					"sender":	true
				}],
			"sum":	{
				"start":	0,
				"end":	1.000059,
				"seconds":	1.0000590085983276,
				"bytes":	12489840,
				"bits_per_second":	99912824.284284025,
				"packets":	9130,
				"omitted":	true,
				"sender":	true
			}
		}, {
			"streams":	[{
					"socket":	6,
					"start":	1,
					"end":	1.000054,
					"seconds":	2.000053882598877,
					"bytes":	12513096,
					"bits_per_second":	50051035.560063772,
					"packets":	18284,
					"omitted":	false,
					"sender":	true
				}],
			"sum":	{
				"start":	1,
				"end":	1.000054,
				"seconds":	2.000053882598877,
				"bytes":	12513096,
				"bits_per_second":	50051035.560063772,
				"packets":	18284,
				"omitted":	false,
				"sender":	true
			}
		}, {
			"streams":	[{
					"socket":	6,
					"start":	1.000054,
					"end":	2.000055,
					"seconds":	1.0000009536743164,
					"bytes":	12499416,
					"bits_per_second":	99995232.637114868,
					"packets":	9137,
					"omitted":	false,
					"sender":	true
				}],
			"sum":	{
				"start":	1.000054,
				"end":	2.000055,
				"seconds":	1.0000009536743164,
				"bytes":	12499416,
				"bits_per_second":	99995232.637114868,
				"packets":	9137,
				"omitted":	false,
				"sender":	true
			}
		}, {
			"streams":	[{
					"socket":	6,
					"start":	2.000055,
					"end":	3.000001,
					"seconds":	0.9999459981918335,
					"bytes":	12487104,
					"bits_per_second":	99902226.9008925,
					"packets":	9129,
					"omitted":	false,
					"sender":	true
				}],
			"sum":	{
				"start":	2.000055,
				"end":	3.000001,
				"seconds":	0.9999459981918335,
				"bytes":	12487104,
				"bits_per_second":	99902226.9008925,
				"packets":	9129,
				"omitted":	false,
				"sender":	true
			}
		}, {
			"streams":	[{
					"socket":	6,
					"start":	3.000001,
					"end":	4.000001,
					"seconds":	1,
					"bytes":	12498048,
					"bits_per_second":	99984384,
					"packets":	9138,
					"omitted":	false,
					"sender":	true
				}],
			"sum":	{
				"start":	3.000001,
				"end":	4.000001,
				"seconds":	1,
				"bytes":	12498048,
				"bits_per_second":	99984384,
				"packets":	9138,
				"omitted":	false,
				"sender":	true
			}
		}, {
			"streams":	[{
					"socket":	6,
					"start":	4.000001,
					"end":	5.000147,
					"seconds":	1.0001460313797,
					"bytes":	12499416,
					"bits_per_second":	99980727.67639403,
					"packets":	9136,
					"omitted":	false,
					"sender":	true
				}],
			"sum":	{
				"start":	4.000001,
				"end":	5.000147,
				"seconds":	1.0001460313797,
				"bytes":	12499416,
				"bits_per_second":	99980727.67639403,
				"packets":	9136,
				"omitted":	false,
				"sender":	true
			}
		}],
	"end":	{
		"streams":	[{
				"udp":	{
					"socket":	6,
					"start":	0,
					"end":	5.000147,
					"seconds":	5.000147,
					"bytes":	62499816,
					"bits_per_second":	99996765.695088565,
					"jitter_ms":	0.01105726747599702,
					"lost_packets":	0,
					"packets":	45687,
					"lost_percent":	0,
					"out_of_order":	0,
					"sender":	true
				}
			}],
		"sum":	{
			"start":	0,
			"end":	5.042457,
			"seconds":	5.042457,
			"bytes":	62499816,
			"bits_per_second":	99996765.695088565,
			"jitter_ms":	0.01105726747599702,
			"lost_packets":	0,
			"packets":	45687,
			"lost_percent":	0,
			"sender":	true
		},
		"sum_sent":	{
			"start":	0,
			"end":	5.000147,
			"seconds":	5.000147,
			"bytes":	62499816,
			"bits_per_second":	99996765.695088565,
			"jitter_ms":	0,
			"lost_packets":	0,
			"packets":	45687,
			"lost_percent":	0,
			"sender":	true
		},
		"sum_received":	{
			"start":	0,
			"end":	5.042457,
			"seconds":	5.042457,
			"bytes":	63025128,
			"bits_per_second":	99991140.033519372,
			"jitter_ms":	0.01105726747599702,
			"lost_packets":	0,
			"packets":	45687,
			"lost_percent":	0,
			"sender":	false
		},
		"cpu_utilization_percent":	{
			"host_total":	98.4767062236182,
			"host_user":	98.4298557402632,
			"host_system":	0.046850483355017063,
			"remote_total":	0.789450284243562,
			"remote_user":	0.12114923755299051,
			"remote_system":	0.66830650189759377
		}
	},
	"server_output_json":	{
		"start":	{
			"connected":	[{
					"socket":	5,
					"local_host":	"192.168.0.45",
					"local_port":	7070,
					"remote_host":	"192.168.0.71",
					"remote_port":	52875
				}],
			"version":	"iperf 3.9",
			"system_info":	"Linux omv 5.15.158-2-pve #1 SMP PVE 5.15.158-2 (2024-07-26T13:11Z) x86_64",
			"target_bitrate":	100000000,
			"timestamp":	{
				"time":	"Thu, 05 Sep 2024 18:21:24 GMT",
				"timesecs":	1725560484
			},
			"accepted_connection":	{
				"host":	"192.168.0.71",
				"port":	35046
			},
			"cookie":	"3refokr4ebweuxpsq6eyka5nq7dv3vckwuqf",
			"sock_bufsize":	0,
			"sndbuf_actual":	212992,
			"rcvbuf_actual":	212992,
			"test_start":	{
				"protocol":	"UDP",
				"num_streams":	1,
				"blksize":	1368,
				"omit":	2,
				"duration":	5,
				"bytes":	0,
				"blocks":	0,
				"reverse":	0,
				"tos":	0
			}
		},
		"intervals":	[{
				"streams":	[{
						"socket":	5,
						"start":	0,
						"end":	1.000054,
						"seconds":	1.0000540018081665,
						"bytes":	11964528,
						"bits_per_second":	95711055.42994526,
						"jitter_ms":	0.011909929350713182,
						"lost_packets":	0,
						"packets":	8746,
						"lost_percent":	0,
						"omitted":	true,
						"sender":	false
					}],
				"sum":	{
					"start":	0,
					"end":	1.000054,
					"seconds":	1.0000540018081665,
					"bytes":	11964528,
					"bits_per_second":	95711055.42994526,
					"jitter_ms":	0.011909929350713182,
					"lost_packets":	0,
					"packets":	8746,
					"lost_percent":	0,
					"omitted":	true,
					"sender":	false
				}
			}, {
				"streams":	[{
						"socket":	5,
						"start":	1,
						"end":	1.000053,
						"seconds":	2.00005292892456,
						"bytes":	12500784,
						"bits_per_second":	50001812.7289131,
						"jitter_ms":	0.01204665354980001,
						"lost_packets":	0,
						"packets":	18275,
						"lost_percent":	0,
						"omitted":	false,
						"sender":	false
					}],
				"sum":	{
					"start":	1,
					"end":	1.000053,
					"seconds":	2.00005292892456,
					"bytes":	12500784,
					"bits_per_second":	50001812.7289131,
					"jitter_ms":	0.01204665354980001,
					"lost_packets":	0,
					"packets":	18275,
					"lost_percent":	0,
					"omitted":	false,
					"sender":	false
				}
			}, {
				"streams":	[{
						"socket":	5,
						"start":	1.000053,
						"end":	2.000053,
						"seconds":	1,
						"bytes":	12499416,
						"bits_per_second":	99995328,
						"jitter_ms":	0.011322901776741804,
						"lost_packets":	0,
						"packets":	9137,
						"lost_percent":	0,
						"omitted":	false,
						"sender":	false
					}],
				"sum":	{
					"start":	1.000053,
					"end":	2.000053,
					"seconds":	1,
					"bytes":	12499416,
					"bits_per_second":	99995328,
					"jitter_ms":	0.011322901776741804,
					"lost_packets":	0,
					"packets":	9137,
					"lost_percent":	0,
					"omitted":	false,