{
	"start":	{
		"connected":	[{
				"socket":	6,
				"local_host":	"10.13.13.2",
				"local_port":	43364,
				"remote_host":	"192.168.0.45",
				"remote_port":	7070
			}],
		"version":	"iperf 3.17.1",
		"system_info":	"Linux f153457574ab 6.10.8-arch1-1 #1 SMP PREEMPT_DYNAMIC Wed, 04 Sep 2024 15:16:37 +0000 x86_64",
		"timestamp":	{
			"time":	"Thu, 05 Sep 2024 18:21:42 GMT",
			"timesecs":	1725560502
		},
		"connecting_to":	{
			"host":	"192.168.0.45",
			"port":	7070
		},
		"cookie":	"emokogyb72hzkv2zmk3rm5wwhd7axidsar64",
		"tcp_mss_default":	1368,
		"target_bitrate":	50000000,
		"fq_rate":	0,
		"sock_bufsize":	0,
		"sndbuf_actual":	16384,
		"rcvbuf_actual":	131072,
		"test_start":	{
			"protocol":	"TCP",
			"num_streams":	1,
			"blksize":	131072,
			"omit":	2,
			"duration":	5,
			"bytes":	0,
			"blocks":	0,
			"reverse":	1,
			"tos":	0,
			"target_bitrate":	50000000,
			"bidir":	0,
			"fqrate":	0,
			"interval":	1
		}
	},
	"intervals":	[{
			"streams":	[{
					"socket":	6,
					"start":	0,
					"end":	1.001011,
					"seconds":	1.00101101398468,
					"bytes":	6553600,
					"bits_per_second":	52375847.285934448,
					"omitted":	true,
					"sender":	false
				}],
			"sum":	{
				"start":	0,
				"end":	1.001011,
				"seconds":	1.00101101398468,
				"bytes":	6553600,
				"bits_per_second":	52375847.285934448,
				"omitted":	true,
				"sender":	false
			}
		}, {
			"streams":	[{
					"socket":	6,
					"start":	0.999998,
					"end":	1.001009,
					"seconds":	2.001007080078125,
					"bytes":	6160384,
					"bits_per_second":	24629134.244780309,
					"omitted":	false,
					"sender":	false
				}],
			"sum":	{
				"start":	0.999998,
				"end":	1.001009,
				"seconds":	2.001007080078125,
				"bytes":	6160384,
				"bits_per_second":	24629134.244780309,
				"omitted":	false,
				"sender":	false
			}
		}, {
			"streams":	[{
					"socket":	6,
					"start":	1.001009,
					"end":	2.001007,
					"seconds":	0.99999797344207764,
					"bytes":	6291456,
					"bits_per_second":	50331750.0002067,
					"omitted":	false,
					"sender":	false
				}],
			"sum":	{
				"start":	1.001009,
				"end":	2.001007,
				"seconds":	0.99999797344207764,
				"bytes":	6291456,
				"bits_per_second":	50331750.0002067,
				"omitted":	false,
				"sender":	false
			}
		}, {
			"streams":	[{
					"socket":	6,
					"start":	2.001007,
					"end":	3.001008,
					"seconds":	1.0000009536743164,
					"bytes":	6291456,
					"bits_per_second":	50331600.000045776,
					"omitted":	false,
					"sender":	false
				}],
			"sum":	{
				"start":	2.001007,
				"end":	3.001008,
				"seconds":	1.0000009536743164,
				"bytes":	6291456,
				"bits_per_second":	50331600.000045776,
				"omitted":	false,
				"sender":	false
			}
		}, {
			"streams":	[{
					"socket":	6,
					"start":	3.001008,
					"end":	4.001007,
					"seconds":	0.99999898672103882,
					"bytes":	6160384,
					"bits_per_second":	49283121.9375506,
					"omitted":	false,
					"sender":	false
				}],
			"sum":	{
				"start":	3.001008,
				"end":	4.001007,
				"seconds":	0.99999898672103882,
				"bytes":	6160384,
				"bits_per_second":	49283121.9375506,
				"omitted":	false,
				"sender":	false
			}
		}, {
			"streams":	[{
					"socket":	6,
					"start":	4.001007,
					"end":	5.000002,
					"seconds":	0.998995006084442,
					"bytes":	6291456,
					"bits_per_second":	50382281.8867481,
					"omitted":	false,
					"sender":	false
				}],
			"sum":	{
				"start":	4.001007,
				"end":	5.000002,
				"seconds":	0.998995006084442,
				"bytes":	6291456,
				"bits_per_second":	50382281.8867481,
				"omitted":	false,
				"sender":	false
			}
		}],
	"end":	{
		"streams":	[{
				"sender":	{
					"socket":	6,
					"start":	0,
					"end":	5.042979,
					"seconds":	5.042979,
					"bytes":	31457280,
					"bits_per_second":	49902694.4193105,
					"retransmits":	3,
					"max_snd_cwnd":	0,
					"max_snd_wnd":	0,
					"max_rtt":	0,
					"min_rtt":	0,
					"mean_rtt":	0,
					"sender":	false
				},
				"receiver":	{
					"socket":	6,
					"start":	0,
					"end":	5.000002,
					"seconds":	5.000002,
					"bytes":	31195136,
					"bits_per_second":	49912197.635120943,
					"sender":	false
				}
			}],
		"sum_sent":	{
			"start":	0,
			"end":	5.042979,
			"seconds":	5.042979,
			"bytes":	31457280,
			"bits_per_second":	49902694.4193105,
			"retransmits":	3,
			"sender":	false
		},
		"sum_received":	{
			"start":	0,
			"end":	5.000002,
			"seconds":	5.000002,
			"bytes":	31195136,
			"bits_per_second":	49912197.635120943,
			"sender":	false
		},
		"cpu_utilization_percent":	{
			"host_total":	1.82923064147633,
			"host_user":	0.028105976565577419,
			"host_system":	1.8011246649107531,
			"remote_total":	0.26986231846316655,
			"remote_user":	0.041951199582503415,
			"remote_system":	0.22791659553857208
		},
		"sender_tcp_congestion":	"cubic",
		"receiver_tcp_congestion":	"cubic"
	},
	"server_output_json":	{
		"start":	{
			"connected":	[{
					"socket":	5,
					"local_host":	"192.168.0.45",
					"local_port":	7070,
					"remote_host":	"192.168.0.71",
					"remote_port":	43364
				}],
			"version":	"iperf 3.9",
			"system_info":	"Linux omv 5.15.158-2-pve #1 SMP PVE 5.15.158-2 (2024-07-26T13:11Z) x86_64",
			"target_bitrate":	50000000,
			"sock_bufsize":	0,
			"sndbuf_actual":	16384,
			"rcvbuf_actual":	131072,
			"timestamp":	{
				"time":	"Thu, 05 Sep 2024 18:21:42 GMT",
				"timesecs":	1725560502
			},
			"accepted_connection":	{
				"host":	"192.168.0.71",
				"port":	43360
			},
			"cookie":	"emokogyb72hzkv2zmk3rm5wwhd7axidsar64",
			"tcp_mss_default":	0,
			"target_bitrate":	50000000,
			"test_start":	{
				"protocol":	"TCP",
				"num_streams":	1,
				"blksize":	131072,
				"omit":	2,
				"duration":	5,
				"bytes":	0,
				"blocks":	0,
				"reverse":	1,
				"tos":	0
			}
		},
		"intervals":	[{
				"streams":	[{
						"socket":	5,
						"start":	0,
						"end":	1.000053,
						"seconds":	1.00005304813385,
						"bytes":	6327536,
						"bits_per_second":	50617602.83062987,
						"retransmits":	1,
						"snd_cwnd":	101232,
						"rtt":	908,
						"rttvar":	162,
						"pmtu":	1500,
						"omitted":	true,
						"sender":	true
					}],
				"sum":	{
					"start":	0,
					"end":	1.000053,
					"seconds":	1.00005304813385,
					"bytes":	6327536,
					"bits_per_second":	50617602.83062987,
					"retransmits":	1,
					"omitted":	true,
					"sender":	true
				}
			}, {
				"streams":	[{
						"socket":	5,
						"start":	1.000053,
						"end":	2.000055,
						"seconds":	1.0000020265579224,
						"bytes":	6291456,
						"bits_per_second":	50331546.0002067,
						"retransmits":	0,
						"snd_cwnd":	134064,
						"rtt":	1663,
						"rttvar":	58,
						"pmtu":	1500,
						"omitted":	true,
						"sender":	true
					}],
				"sum":	{
					"start":	1.000053,
					"end":	2.000055,
					"seconds":	1.0000020265579224,
					"bytes":	6291456,
					"bits_per_second":	50331546.0002067,
					"retransmits":	0,
					"omitted":	true,
					"sender":	true
				}
			}, {
				"streams":	[{
						"socket":	5,
						"start":	9e-06,
						"end":	1.000015,
						"seconds":	1.0000239610672,
						"bytes":	6160384,
						"bits_per_second":	49281891.153294347,
						"retransmits":	0,
						"snd_cwnd":	134064,
						"rtt":	1808,
						"rttvar":	89,
						"pmtu":	1500,
						"omitted":	false,
						"sender":	true
					}],
				"sum":	{
					"start":	9e-06,
					"end":	1.000015,
					"seconds":	1.0000239610672,
					"bytes":	6160384,
					"bits_per_second":	49281891.153294347,
					"retransmits":	0,
					"omitted":	false,
					"sender":	true
				}
			}, {
				"streams":	[{
						"socket":	5,
						"start":	1.000015,
						"end":	2.000077,
						"seconds":	1.0000619888305664,
						"bytes":	6291456,
						"bits_per_second":	50328528.193393163,
						"retransmits":	0,
						"snd_cwnd":	134064,
						"rtt":	1739,
						"rttvar":	116,
						"pmtu":	1500,
						"omitted":	false,
						"sender":	true
					}],
				"sum":	{
					"start":	1.000015,
					"end":	2.000077,
					"seconds":	1.0000619888305664,
					"bytes":	6291456,