{
	"start":	{
		"connected":	[{
				"socket":	6,
				"local_host":	"10.13.13.2",
				"local_port":	38024,
				"remote_host":	"192.168.0.45",
				"remote_port":	7070
			}],
		"version":	"iperf 3.17.1",
		"system_info":	"Linux 9b74cd9b8c04 6.10.8-arch1-1 #1 SMP PREEMPT_DYNAMIC Wed, 04 Sep 2024 15:16:37 +0000 x86_64",
		"timestamp":	{
			"time":	"Thu, 05 Sep 2024 18:20:29 GMT",
			"timesecs":	1725560429
		},
		"connecting_to":	{
			"host":	"192.168.0.45",
			"port":	7070
		},
		"cookie":	"ycd24jlx2uksmt4mko7soc5q2cqjjv4kwx36",
		"tcp_mss_default":	1368,
		"target_bitrate":	50000000,
		"fq_rate":	0,
		"sock_bufsize":	0,
		"sndbuf_actual":	16384,
		"rcvbuf_actual":	131072,
		"test_start":	{
			"protocol":	"TCP",
			"num_streams":	1,
			"blksize":	131072,
			"omit":	2,
			"duration":	5,
			"bytes":	0,
			"blocks":	0,
			"reverse":	0,
			"tos":	0,
			"target_bitrate":	50000000,
			"bidir":	0,
			"fqrate":	0,
			"interval":	1
		}
	},
	"intervals":	[{
			"streams":	[{
					"socket":	6,
					"start":	0,
					"end":	1.000056,
					"seconds":	1.0000560283660889,
					"bytes":	6291456,
					"bits_per_second":	50328828.157991141,
					"retransmits":	1,
					"snd_cwnd":	262656,
					"snd_wnd":	1101184,
					"rtt":	1232,
					"rttvar":	183,
					"pmtu":	1420,
					"omitted":	true,
					"sender":	true
				}],
			"sum":	{
				"start":	0,
				"end":	1.000056,
				"seconds":	1.0000560283660889,
				"bytes":	6291456,
				"bits_per_second":	50328828.157991141,
				"retransmits":	1,
				"omitted":	true,
				"sender":	true
			}
		}, {
			"streams":	[{
					"socket":	6,
					"start":	1.000056,
					"end":	2.000058,
					"seconds":	1.0000020265579224,
					"bytes":	6291456,
					"bits_per_second":	50331546.0002067,
					"retransmits":	0,
					"snd_cwnd":	262656,
					"snd_wnd":	1101184,
					"rtt":	1278,
					"rttvar":	138,
					"pmtu":	1420,
					"omitted":	true,
					"sender":	true
				}],
			"sum":	{
				"start":	1.000056,
				"end":	2.000058,
				"seconds":	1.0000020265579224,
				"bytes":	6291456,
				"bits_per_second":	50331546.0002067,
				"retransmits":	0,
				"omitted":	true,
				"sender":	true
			}
		}, {
			"streams":	[{
					"socket":	6,
					"start":	2.1e-05,
					"end":	0.99998,
					"seconds":	1.0000009536743164,
					"bytes":	6291456,
					"bits_per_second":	50331600.000045776,
					"retransmits":	0,
					"snd_cwnd":	262656,
					"snd_wnd":	1101184,
					"rtt":	954,
					"rttvar":	73,
					"pmtu":	1420,
					"omitted":	false,
					"sender":	true
				}],
			"sum":	{
				"start":	2.1e-05,
				"end":	0.99998,
				"seconds":	1.0000009536743164,
				"bytes":	6291456,
				"bits_per_second":	50331600.000045776,
				"retransmits":	0,
				"omitted":	false,
				"sender":	true
			}
		}, {
			"streams":	[{
					"socket":	6,
					"start":	0.99998,
					"end":	2.000033,
					"seconds":	1.00005304813385,
					"bytes":	6160384,
					"bits_per_second":	49280457.763680361,
					"retransmits":	0,
					"snd_cwnd":	262656,
					"snd_wnd":	1101184,
					"rtt":	1206,
					"rttvar":	219,
					"pmtu":	1420,
					"omitted":	false,
					"sender":	true
				}],
			"sum":	{
				"start":	0.99998,
				"end":	2.000033,
				"seconds":	1.00005304813385,
				"bytes":	6160384,
				"bits_per_second":	49280457.763680361,
				"retransmits":	0,
				"omitted":	false,
				"sender":	true
			}
		}, {
			"streams":	[{
					"socket":	6,
					"start":	2.000033,
					"end":	3.000033,
					"seconds":	1,
					"bytes":	6291456,
					"bits_per_second":	50331648,
					"retransmits":	0,
					"snd_cwnd":	262656,
					"snd_wnd":	1101184,
					"rtt":	1269,
					"rttvar":	146,
					"pmtu":	1420,
					"omitted":	false,
					"sender":	true
				}],
			"sum":	{
				"start":	2.000033,
				"end":	3.000033,
				"seconds":	1,
				"bytes":	6291456,
				"bits_per_second":	50331648,
				"retransmits":	0,
				"omitted":	false,
				"sender":	true
			}
		}, {
			"streams":	[{
					"socket":	6,
					"start":	3.000033,
					"end":	3.99998,
					"seconds":	0.99994701147079468,
					"bytes":	6291456,
					"bits_per_second":	50334315.1413279,
					"retransmits":	0,
					"snd_cwnd":	262656,
					"snd_wnd":	1101184,
					"rtt":	1222,
					"rttvar":	227,
					"pmtu":	1420,
					"omitted":	false,
					"sender":	true
				}],
			"sum":	{
				"start":	3.000033,
				"end":	3.99998,
				"seconds":	0.99994701147079468,
				"bytes":	6291456,
				"bits_per_second":	50334315.1413279,
				"retransmits":	0,
				"omitted":	false,
				"sender":	true
			}
		}, {
			"streams":	[{
					"socket":	6,
					"start":	3.99998,
					"end":	5.000118,
					"seconds":	1.0001380443573,
					"bytes":	6160384,
					"bits_per_second":	49276269.689020649,
					"retransmits":	0,
					"snd_cwnd":	262656,
					"snd_wnd":	1101184,
					"rtt":	1241,
					"rttvar":	206,
					"pmtu":	1420,
					"omitted":	false,
					"sender":	true
				}],
			"sum":	{
				"start":	3.99998,
				"end":	5.000118,
				"seconds":	1.0001380443573,
				"bytes":	6160384,
				"bits_per_second":	49276269.689020649,
				"retransmits":	0,
				"omitted":	false,
				"sender":	true
			}
		}],
	"end":	{
		"streams":	[{
				"sender":	{
					"socket":	6,
					"start":	0,
					"end":	5.000118,
					"seconds":	5.000118,
					"bytes":	31195136,
					"bits_per_second":	49911039.6994631,
					"retransmits":	0,
					"max_snd_cwnd":	262656,
					"max_snd_wnd":	1101184,
					"max_rtt":	1278,
					"min_rtt":	954,
					"mean_rtt":	1200,
					"sender":	true
				},
				"receiver":	{
					"socket":	6,
					"start":	0,
					"end":	5.041831,
					"seconds":	5.000118,
					"bytes":	31457280,
					"bits_per_second":	49914057.01619114,
					"sender":	true
				}
			}],
		"sum_sent":	{
			"start":	0,
			"end":	5.000118,
			"seconds":	5.000118,
			"bytes":	31195136,
			"bits_per_second":	49911039.6994631,
			"retransmits":	0,
			"sender":	true
		},
		"sum_received":	{
			"start":	0,
			"end":	5.041831,
			"seconds":	5.041831,
			"bytes":	31457280,
			"bits_per_second":	49914057.01619114,
			"sender":	true
		},
		"cpu_utilization_percent":	{
			"host_total":	99.227869228576253,
			"host_user":	99.133384898635569,
			"host_system":	0.0944843299406999,
			"remote_total":	0.33633812063660778,
			"remote_user":	0.0306232846445508,
			"remote_system":	0.305714835992057
		},
		"sender_tcp_congestion":	"cubic",
		"receiver_tcp_congestion":	"cubic"
	},
	"server_output_json":	{
		"start":	{
			"connected":	[{
					"socket":	5,
					"local_host":	"192.168.0.45",
					"local_port":	7070,
					"remote_host":	"192.168.0.71",
					"remote_port":	38024
				}],
			"version":	"iperf 3.9",
			"system_info":	"Linux omv 5.15.158-2-pve #1 SMP PVE 5.15.158-2 (2024-07-26T13:11Z) x86_64",
			"target_bitrate":	50000000,
			"sock_bufsize":	0,
			"sndbuf_actual":	16384,
			"rcvbuf_actual":	131072,
			"timestamp":	{
				"time":	"Thu, 05 Sep 2024 18:20:29 GMT",
				"timesecs":	1725560429
			},
			"accepted_connection":	{
				"host":	"192.168.0.71",
				"port":	38010
			},
			"cookie":	"ycd24jlx2uksmt4mko7soc5q2cqjjv4kwx36",
			"tcp_mss_default":	0,
			"target_bitrate":	50000000,
			"test_start":	{
				"protocol":	"TCP",
				"num_streams":	1,
				"blksize":	131072,
				"omit":	2,
				"duration":	5,
				"bytes":	0,
				"blocks":	0,
				"reverse":	0,
				"tos":	0
			}
		},
		"intervals":	[{
				"streams":	[{
						"socket":	5,
						"start":	0,
						"end":	1.000056,
						"seconds":	1.0000560283660889,
						"bytes":	6029312,
						"bits_per_second":	48231793.651408173,
						"omitted":	true,
						"sender":	false
					}],
				"sum":	{
					"start":	0,
					"end":	1.000056,
					"seconds":	1.0000560283660889,
					"bytes":	6029312,
					"bits_per_second":	48231793.651408173,
					"omitted":	true,
					"sender":	false
				}
			}, {
				"streams":	[{
						"socket":	5,
						"start":	0.999998,
						"end":	1.000053,
						"seconds":	2.0000510215759277,
						"bytes":	6291456,
						"bits_per_second":	25165182.016377509,
						"omitted":	false,
						"sender":	false
					}],
				"sum":	{
					"start":	0.999998,
					"end":	1.000053,