{
	"start":	{
		"connected":	[{
				"socket":	6,
				"local_host":	"10.9.0.2",
				"local_port":	49382,
				"remote_host":	"192.168.0.45",
				"remote_port":	7070
			}],
		"version":	"iperf 3.17.1",
		"system_info":	"Linux ef6ff9e47e19 6.10.6-arch1-1 #1 SMP PREEMPT_DYNAMIC Mon, 19 Aug 2024 17:02:39 +0000 x86_64",
		"timestamp":	{
			"time":	"Wed, 04 Sep 2024 08:42:10 GMT",
			"timesecs":	1725439330
		},
		"connecting_to":	{
			"host":	"192.168.0.45",
			"port":	7070
		},
		"cookie":	"kszga2x7fef5irg6xdmb5u4un5lrhrla6yn6",
		"target_bitrate":	1100000000,
		"fq_rate":	0,
		"sock_bufsize":	0,
		"sndbuf_actual":	212992,
		"rcvbuf_actual":	212992,
		"test_start":	{
			"protocol":	"UDP",
			"num_streams":	1,
			"blksize":	1448,
			"omit":	2,
			"duration":	15,
			"bytes":	0,
			"blocks":	0,
			"reverse":	1,
			"tos":	0,
			"target_bitrate":	1100000000,
			"bidir":	0,
			"fqrate":	0,
			"interval":	1
		}
	},
	"intervals":	[{
			"streams":	[{
					"socket":	6,
					"start":	0,
					"end":	1.001013,
					"seconds":	1.0010130405426025,
					"bytes":	119800280,
					"bits_per_second":	957432322.240772,
					"jitter_ms":	0.0102304676355557,
					"lost_packets":	3707,
					"packets":	86442,
					"lost_percent":	4.28842460840795,
					"omitted":	true,
					"sender":	false
				}],
			"sum":	{
				"start":	0,
				"end":	1.001013,
				"seconds":	1.0010130405426025,
				"bytes":	119800280,
				"bits_per_second":	957432322.240772,
				"jitter_ms":	0.0102304676355557,
				"lost_packets":	3707,
				"packets":	86442,
				"lost_percent":	4.28842460840795,
				"omitted":	true,
				"sender":	false
			}
		}, {
			"streams":	[{
					"socket":	6,
					"start":	1.000003,
					"end":	1.001016,
					"seconds":	2.00101900100708,
					"bytes":	119667064,
					"bits_per_second":	478424498.47712,
					"jitter_ms":	0.01552188615153087,
					"lost_packets":	0,
					"packets":	165205,
					"lost_percent":	0,
					"omitted":	false,
					"sender":	false
				}],
			"sum":	{
				"start":	1.000003,
				"end":	1.001016,
				"seconds":	2.00101900100708,
				"bytes":	119667064,
				"bits_per_second":	478424498.47712,
				"jitter_ms":	0.01552188615153087,
				"lost_packets":	0,
				"packets":	165205,
				"lost_percent":	0,
				"omitted":	false,
				"sender":	false
			}
		}, {
			"streams":	[{
					"socket":	6,
					"start":	1.001016,
					"end":	2.001017,
					"seconds":	1.0000009536743164,
					"bytes":	119549776,
					"bits_per_second":	956397295.90846264,
					"jitter_ms":	0.011506135667901726,
					"lost_packets":	0,
					"packets":	82563,
					"lost_percent":	0,
					"omitted":	false,
					"sender":	false
				}],
			"sum":	{
				"start":	1.001016,
				"end":	2.001017,
				"seconds":	1.0000009536743164,
				"bytes":	119549776,
				"bits_per_second":	956397295.90846264,
				"jitter_ms":	0.011506135667901726,
				"lost_packets":	0,
				"packets":	82563,
				"lost_percent":	0,
				"omitted":	false,
				"sender":	false
			}
		}, {
			"streams":	[{
					"socket":	6,
					"start":	2.001017,
					"end":	3.001014,
					"seconds":	0.99999701976776123,
					"bytes":	119545432,
					"bits_per_second":	956366306.19369781,
					"jitter_ms":	0.015279051667791225,
					"lost_packets":	0,
					"packets":	82559,
					"lost_percent":	0,
					"omitted":	false,
					"sender":	false
				}],
			"sum":	{
				"start":	2.001017,
				"end":	3.001014,
				"seconds":	0.99999701976776123,
				"bytes":	119545432,
				"bits_per_second":	956366306.19369781,
				"jitter_ms":	0.015279051667791225,
				"lost_packets":	0,
				"packets":	82559,
				"lost_percent":	0,
				"omitted":	false,
				"sender":	false
			}
		}, {
			"streams":	[{
					"socket":	6,
					"start":	3.001014,
					"end":	4.001006,
					"seconds":	0.9999920129776,
					"bytes":	119532400,
					"bits_per_second":	956266837.72465324,
					"jitter_ms":	0.015057657258144421,
					"lost_packets":	0,
					"packets":	82550,
					"lost_percent":	0,
					"omitted":	false,
					"sender":	false
				}],
			"sum":	{
				"start":	3.001014,
				"end":	4.001006,
				"seconds":	0.9999920129776,
				"bytes":	119532400,
				"bits_per_second":	956266837.72465324,
				"jitter_ms":	0.015057657258144421,
				"lost_packets":	0,
				"packets":	82550,
				"lost_percent":	0,
				"omitted":	false,
				"sender":	false
			}
		}, {
			"streams":	[{
					"socket":	6,
					"start":	4.001006,
					"end":	5.001018,
					"seconds":	1.0000120401382446,
					"bytes":	119567152,
					"bits_per_second":	956525699.298346,
					"jitter_ms":	0.01291773184417099,
					"lost_packets":	0,
					"packets":	82574,
					"lost_percent":	0,
					"omitted":	false,
					"sender":	false
				}],
			"sum":	{
				"start":	4.001006,
				"end":	5.001018,
				"seconds":	1.0000120401382446,
				"bytes":	119567152,
				"bits_per_second":	956525699.298346,
				"jitter_ms":	0.01291773184417099,
				"lost_packets":	0,
				"packets":	82574,
				"lost_percent":	0,
				"omitted":	false,
				"sender":	false
			}
		}, {
			"streams":	[{
					"socket":	6,
					"start":	5.001018,
					"end":	6.001012,
					"seconds":	0.99999397993087769,
					"bytes":	119407872,
					"bits_per_second":	955268726.78376567,
					"jitter_ms":	0.012867034166319711,
					"lost_packets":	97,
					"packets":	82561,
					"lost_percent":	0.11748888700476012,
					"omitted":	false,
					"sender":	false
				}],
			"sum":	{
				"start":	5.001018,
				"end":	6.001012,
				"seconds":	0.99999397993087769,
				"bytes":	119407872,
				"bits_per_second":	955268726.78376567,
				"jitter_ms":	0.012867034166319711,
				"lost_packets":	97,
				"packets":	82561,
				"lost_percent":	0.11748888700476012,
				"omitted":	false,
				"sender":	false
			}
		}, {
			"streams":	[{
					"socket":	6,
					"start":	6.001012,
					"end":	7.001041,
					"seconds":	1.0000289678573608,
					"bytes":	119545432,
					"bits_per_second":	956335753.002318,
					"jitter_ms":	0.014768433049276023,
					"lost_packets":	0,
					"packets":	82559,
					"lost_percent":	0,
					"omitted":	false,
					"sender":	false
				}],
			"sum":	{
				"start":	6.001012,
				"end":	7.001041,
				"seconds":	1.0000289678573608,
				"bytes":	119545432,
				"bits_per_second":	956335753.002318,
				"jitter_ms":	0.014768433049276023,
				"lost_packets":	0,
				"packets":	82559,
				"lost_percent":	0,
				"omitted":	false,
				"sender":	false
			}
		}, {
			"streams":	[{
					"socket":	6,
					"start":	7.001041,
					"end":	8.001018,
					"seconds":	0.9999769926071167,
					"bytes":	119541088,
					"bits_per_second":	956350707.13645327,
					"jitter_ms":	0.013932691347581114,
					"lost_packets":	0,
					"packets":	82556,
					"lost_percent":	0,
					"omitted":	false,
					"sender":	false
				}],
			"sum":	{
				"start":	7.001041,
				"end":	8.001018,
				"seconds":	0.9999769926071167,
				"bytes":	119541088,
				"bits_per_second":	956350707.13645327,
				"jitter_ms":	0.013932691347581114,
				"lost_packets":	0,
				"packets":	82556,
				"lost_percent":	0,
				"omitted":	false,
				"sender":	false
			}
		}, {
			"streams":	[{
					"socket":	6,
					"start":	8.001018,
					"end":	9.001011,
					"seconds":	0.99999302625656128,
					"bytes":	119549776,
					"bits_per_second":	956404877.72224081,
					"jitter_ms":	0.013516542433233204,
					"lost_packets":	0,
					"packets":	82562,
					"lost_percent":	0,
					"omitted":	false,
					"sender":	false
				}],
			"sum":	{
				"start":	8.001018,
				"end":	9.001011,
				"seconds":	0.99999302625656128,
				"bytes":	119549776,
				"bits_per_second":	956404877.72224081,
				"jitter_ms":	0.013516542433233204,
				"lost_packets":	0,
				"packets":	82562,
				"lost_percent":	0,
				"omitted":	false,
				"sender":	false
			}
		}, {
			"streams":	[{
					"socket":	6,
					"start":	9.001011,
					"end":	10.001009,
					"seconds":	0.99999797344207764,
					"bytes":	119523712,
					"bits_per_second":	956191633.7777307,
					"jitter_ms":	0.016059378352885709,
					"lost_packets":	0,
					"packets":	82544,
					"lost_percent":	0,
					"omitted":	false,
					"sender":	false
				}],