{
	"start":	{
		"connected":	[{
				"socket":	6,
				"local_host":	"10.9.0.2",
				"local_port":	53855,
				"remote_host":	"192.168.0.45",
				"remote_port":	7070
			}],
		"version":	"iperf 3.17.1",
		"system_info":	"Linux 65d8845fea50 6.10.6-arch1-1 #1 SMP PREEMPT_DYNAMIC Mon, 19 Aug 2024 17:02:39 +0000 x86_64",
		"timestamp":	{
			"time":	"Wed, 04 Sep 2024 07:44:44 GMT",
			"timesecs":	1725435884
		},
		"connecting_to":	{
			"host":	"192.168.0.45",
			"port":	7070
		},
		"cookie":	"dk5vmqyubn7zkvrue3ix6f5prv3rlldaxez2",
		"target_bitrate":	960000000,
		"fq_rate":	0,
		"sock_bufsize":	0,
		"sndbuf_actual":	212992,
		"rcvbuf_actual":	212992,
		"test_start":	{
			"protocol":	"UDP",
			"num_streams":	1,
			"blksize":	1448,
			"omit":	2,
			"duration":	15,
			"bytes":	0,
			"blocks":	0,
			"reverse":	1,
			"tos":	0,
			"target_bitrate":	960000000,
			"bidir":	0,
			"fqrate":	0,
			"interval":	1
		}
	},
	"intervals":	[{
			"streams":	[{
					"socket":	6,
					"start":	0,
					"end":	1.001019,
					"seconds":	1.00101900100708,
					"bytes":	119806072,
					"bits_per_second":	957472910.140315,
					"jitter_ms":	0.013687260480260716,
					"lost_packets":	3719,
					"packets":	86458,
					"lost_percent":	4.3015105600407137,
					"omitted":	true,
					"sender":	false
				}],
			"sum":	{
				"start":	0,
				"end":	1.001019,
				"seconds":	1.00101900100708,
				"bytes":	119806072,
				"bits_per_second":	957472910.140315,
				"jitter_ms":	0.013687260480260716,
				"lost_packets":	3719,
				"packets":	86458,
				"lost_percent":	4.3015105600407137,
				"omitted":	true,
				"sender":	false
			}
		}, {
			"streams":	[{
					"socket":	6,
					"start":	1.001019,
					"end":	2.001011,
					"seconds":	0.9999920129776,
					"bytes":	103255432,
					"bits_per_second":	826050053.68028224,
					"jitter_ms":	0.019722435151064862,
					"lost_packets":	9753,
					"packets":	81062,
					"lost_percent":	12.031531420394266,
					"omitted":	true,
					"sender":	false
				}],
			"sum":	{
				"start":	1.001019,
				"end":	2.001011,
				"seconds":	0.9999920129776,
				"bytes":	103255432,
				"bits_per_second":	826050053.68028224,
				"jitter_ms":	0.019722435151064862,
				"lost_packets":	9753,
				"packets":	81062,
				"lost_percent":	12.031531420394266,
				"omitted":	true,
				"sender":	false
			}
		}, {
			"streams":	[{
					"socket":	6,
					"start":	2e-05,
					"end":	1.000893,
					"seconds":	1.0009130239486694,
					"bytes":	102858680,
					"bits_per_second":	822118825.82337129,
					"jitter_ms":	0.018827448928940449,
					"lost_packets":	12352,
					"packets":	83390,
					"lost_percent":	14.812327617220291,
					"omitted":	false,
					"sender":	false
				}],
			"sum":	{
				"start":	2e-05,
				"end":	1.000893,
				"seconds":	1.0009130239486694,
				"bytes":	102858680,
				"bits_per_second":	822118825.82337129,
				"jitter_ms":	0.018827448928940449,
				"lost_packets":	12352,
				"packets":	83390,
				"lost_percent":	14.812327617220291,
				"omitted":	false,
				"sender":	false
			}
		}, {
			"streams":	[{
					"socket":	6,
					"start":	1.000893,
					"end":	2.000892,
					"seconds":	0.99999898672103882,
					"bytes":	116029688,
					"bits_per_second":	928238444.564487,
					"jitter_ms":	0.018858410279643936,
					"lost_packets":	2081,
					"packets":	82212,
					"lost_percent":	2.5312606432151026,
					"omitted":	false,
					"sender":	false
				}],
			"sum":	{
				"start":	1.000893,
				"end":	2.000892,
				"seconds":	0.99999898672103882,
				"bytes":	116029688,
				"bits_per_second":	928238444.564487,
				"jitter_ms":	0.018858410279643936,
				"lost_packets":	2081,
				"packets":	82212,
				"lost_percent":	2.5312606432151026,
				"omitted":	false,
				"sender":	false
			}
		}, {
			"streams":	[{
					"socket":	6,
					"start":	2.000892,
					"end":	3.000892,
					"seconds":	1,
					"bytes":	111720440,
					"bits_per_second":	893763520,
					"jitter_ms":	0.015479770703112957,
					"lost_packets":	6498,
					"packets":	83653,
					"lost_percent":	7.7678027088090085,
					"omitted":	false,
					"sender":	false
				}],
			"sum":	{
				"start":	2.000892,
				"end":	3.000892,
				"seconds":	1,
				"bytes":	111720440,
				"bits_per_second":	893763520,
				"jitter_ms":	0.015479770703112957,
				"lost_packets":	6498,
				"packets":	83653,
				"lost_percent":	7.7678027088090085,
				"omitted":	false,
				"sender":	false
			}
		}, {
			"streams":	[{
					"socket":	6,
					"start":	3.000892,
					"end":	4.00099,
					"seconds":	1.0000979900360107,
					"bytes":	118673736,
					"bits_per_second":	949296866.36588,
					"jitter_ms":	0.013866765290872839,
					"lost_packets":	0,
					"packets":	81957,
					"lost_percent":	0,
					"omitted":	false,
					"sender":	false
				}],
			"sum":	{
				"start":	3.000892,
				"end":	4.00099,
				"seconds":	1.0000979900360107,
				"bytes":	118673736,
				"bits_per_second":	949296866.36588,
				"jitter_ms":	0.013866765290872839,
				"lost_packets":	0,
				"packets":	81957,
				"lost_percent":	0,
				"omitted":	false,
				"sender":	false
			}
		}, {
			"streams":	[{
					"socket":	6,
					"start":	4.00099,
					"end":	5.0009,
					"seconds":	0.999909996986389,
					"bytes":	99238680,
					"bits_per_second":	793980900.67381,
					"jitter_ms":	0.02102479707656588,
					"lost_packets":	11645,
					"packets":	80180,
					"lost_percent":	14.523571963083063,
					"omitted":	false,
					"sender":	false
				}],
			"sum":	{
				"start":	4.00099,
				"end":	5.0009,
				"seconds":	0.999909996986389,
				"bytes":	99238680,
				"bits_per_second":	793980900.67381,
				"jitter_ms":	0.02102479707656588,
				"lost_packets":	11645,
				"packets":	80180,
				"lost_percent":	14.523571963083063,
				"omitted":	false,
				"sender":	false
			}
		}, {
			"streams":	[{
					"socket":	6,
					"start":	5.0009,
					"end":	6.000899,
					"seconds":	0.99999898672103882,
					"bytes":	89703600,
					"bits_per_second":	717629527.15890181,
					"jitter_ms":	0.025624536157463039,
					"lost_packets":	13801,
					"packets":	75751,
					"lost_percent":	18.218901400641574,
					"omitted":	false,
					"sender":	false
				}],
			"sum":	{
				"start":	5.0009,
				"end":	6.000899,
				"seconds":	0.99999898672103882,
				"bytes":	89703600,
				"bits_per_second":	717629527.15890181,
				"jitter_ms":	0.025624536157463039,
				"lost_packets":	13801,
				"packets":	75751,
				"lost_percent":	18.218901400641574,
				"omitted":	false,
				"sender":	false
			}
		}, {
			"streams":	[{
					"socket":	6,
					"start":	6.000899,
					"end":	7.000897,
					"seconds":	0.99999797344207764,
					"bytes":	83484440,
					"bits_per_second":	667876873.491169,
					"jitter_ms":	0.027994398992205061,
					"lost_packets":	12467,
					"packets":	70122,
					"lost_percent":	17.779013718946977,
					"omitted":	false,
					"sender":	false
				}],
			"sum":	{
				"start":	6.000899,
				"end":	7.000897,
				"seconds":	0.99999797344207764,
				"bytes":	83484440,
				"bits_per_second":	667876873.491169,
				"jitter_ms":	0.027994398992205061,
				"lost_packets":	12467,
				"packets":	70122,
				"lost_percent":	17.779013718946977,
				"omitted":	false,
				"sender":	false
			}
		}, {
			"streams":	[{
					"socket":	6,
					"start":	7.000897,
					"end":	8.000897,
					"seconds":	1,
					"bytes":	71865688,
					"bits_per_second":	574925504,
					"jitter_ms":	0.024515748609848013,
					"lost_packets":	12273,
					"packets":	61904,
					"lost_percent":	19.825859395192555,
					"omitted":	false,
					"sender":	false
				}],
			"sum":	{
				"start":	7.000897,
				"end":	8.000897,
				"seconds":	1,
				"bytes":	71865688,
				"bits_per_second":	574925504,
				"jitter_ms":	0.024515748609848013,
				"lost_packets":	12273,
				"packets":	61904,
				"lost_percent":	19.825859395192555,
				"omitted":	false,
				"sender":	false
			}
		}, {
			"streams":	[{
					"socket":	6,
					"start":	8.000897,
					"end":	9.000892,
					"seconds":	0.999994993209839,
					"bytes":	61357552,
					"bits_per_second":	490862873.64740622,